True,Lasso_Pred,XGB_Pred,RF_Pred
-244.49932577729223,-240.6663065456836,-233.73439,-266.10384303346
409.6314312322431,411.5026635304465,424.67584,392.8643693036525
716.2634626120564,711.6117608465521,688.5112,748.1223253568418
209.31966889800427,217.751742923903,227.58473,229.25345319163893
467.65865732409367,469.56962653914525,437.4591,437.7703451365049
-504.3869804915735,-500.504086095066,-476.16617,-415.78184116648475
234.6082404274312,229.51202422434886,248.33534,238.82687929727103
661.2541801604467,655.3293817632431,644.4285,695.6177750699932
-100.57411935796618,-95.14763345290754,-118.98811,-127.57096375764544
488.50854687711205,501.75155441250865,514.62524,519.9865601474783
58.534725541497856,63.67595253219281,75.244125,35.66569118763889
-333.77123230179023,-328.69811755711396,-333.1859,-222.8143522024439
356.5754767690468,355.95518629831554,342.91986,347.5384396304716
297.5061240183736,300.1115901635278,291.09018,293.16986877529996
925.3889869620848,940.0940075633287,946.3448,810.124274854286
439.2677712916594,439.0753172402039,445.32312,403.7241779264129
213.75166666190967,210.0469731669119,204.00989,200.8650507012754
312.2091122321055,307.2238493327639,318.6509,289.24446931757717
-23.74249120160588,-28.19960106949401,-42.618526,-49.115288981389455
97.8985761440184,91.69696193775823,69.55349,80.25888065129026
741.4967047643228,741.148786810947,768.0747,788.3496399141034
794.887890880774,794.4064449954697,824.5704,815.340440968125
263.3129391166809,262.5108202924748,268.14307,272.63579328948373
346.90047605528514,344.11640645842965,346.45987,338.94393524526396
738.0405496186956,737.2912061275113,765.3283,729.9129010857112
598.6872333200268,594.0126272893242,593.0393,594.848892774389
-103.02810692117583,-98.36257321064278,-95.49977,-69.46591562562261
73.74109294827807,84.3468839757611,97.001854,73.21717883193513
670.5983346827948,666.685168052895,676.3846,674.3343086492827
392.89593061711184,386.1215742554374,392.85422,376.56306008135005
110.55853715110428,118.02781410205174,140.79408,112.48722386893647
748.1732124791295,749.5719583099929,750.59344,763.365743979205
173.52209192278593,173.24675012418732,176.02005,200.99595489445377
-68.31161515196548,-68.7564598715461,-111.12615,-60.51351320896747
-383.13808423137465,-387.49955170079306,-351.60898,-317.1663044110533
-68.168151319165,-72.23632661586379,-83.3725,-74.56082196235178
-619.5276230703879,-618.1830673398581,-570.2172,-513.7957721242092
-284.31359723105953,-274.39241434681173,-260.98367,-255.6669352472267
269.209037680962,275.1283437368667,272.60873,269.739064527507
499.4672165425219,504.71389598917943,502.26425,497.4465228645557
162.93078888568118,167.12641462760863,172.59877,167.98322267268014
334.0439811197938,332.27757609003635,327.9751,315.95540678701224
0.8116039668685824,-4.7334888333777485,-4.3934274,-3.929249023327258
273.19256613850456,267.2558602024005,281.94083,278.63732963892204
217.0248104113804,220.23011614588484,215.88844,220.23772640234256
114.1322277494542,112.9994030754097,109.752235,121.39325721831788
488.8954545629336,481.79720588924454,462.5192,478.5093134235678
713.5247958242765,709.7022311814965,692.52,708.1945400249467
74.46986762910407,76.26098307137553,71.44658,66.50091917057352
-318.8437160754406,-315.90368907717016,-285.92688,-273.90386131240695
371.4566039742704,373.31808234843965,364.97495,366.95186014576046
52.540835621893024,52.39398195927174,65.89188,38.682738234929445
217.92291236710807,224.2863162752878,242.06685,228.28915152703698
159.9658120985438,163.89581846171947,159.10982,165.20521250910426
793.9234183590646,794.8054107857064,840.0619,805.2411930849305
616.7866063888246,616.8642869597929,619.52515,629.6056185427412
-9.20798540614277,-0.0027933116330700614,3.3890567,-10.125496775256394
-154.67139102010918,-155.11371487656714,-145.88887,-133.02305895912687
-99.16369786039344,-93.96718172600549,-90.00889,-81.99519700774314
-273.9545235091406,-265.2111371651522,-276.0333,-222.28592752952687
436.9069686573751,439.404160295784,440.37848,440.905296592888
568.4756593128393,573.5773510636135,564.90704,632.2048196006448
769.5958395642455,772.6320047768079,823.70294,662.3193694612237
483.7237500200364,486.6262655049965,479.73856,469.485409950442
-317.6009904409082,-310.7305764238798,-352.2162,-338.4560918989851
186.2885994347309,191.2633183356232,208.21028,202.3935054041988
172.45735911252837,176.7543121681228,178.49461,185.84528372539825
145.55474366181255,150.34987268818617,138.2715,137.31145672349854
524.5140736856711,527.7715898381994,518.9565,527.4375206151315
548.2215865014571,547.345702295716,571.3139,548.2460205539736
504.1699194338927,506.73755077721614,522.5886,497.34128248808565
190.97434146734767,196.5284048237076,201.75706,200.76930048692907
284.23377610657104,292.41767119363425,298.22995,303.34281281023766
309.38407852277004,301.3580981336308,292.44702,296.15342776234115
598.4589133601426,600.4056836712416,584.00977,578.1170411990206
224.16140908017493,225.94246033974468,232.08629,226.4835496387056
-284.0133781156512,-278.5527142261667,-291.2861,-227.15011053935106
-154.61547971545045,-155.45525436784055,-151.79428,-148.98979702081522
-224.5073008858593,-218.9714131802665,-234.88972,-102.54734896484874
515.5792197098622,522.3205382550125,517.2479,502.7357585294881
539.881697786461,531.4099545523459,552.40765,577.7319303226038
190.3628562827696,197.3794494519003,171.14488,204.00348857648237
435.98606748439937,431.0753293675677,443.88196,445.5050790646747
191.78385979995076,188.74373025287443,225.81512,192.29256285270984
641.3388290579185,640.1012726816955,639.4535,639.3946744424821
25.863707699674343,26.853675144768488,20.388527,17.122469730424214
917.3938973184496,914.8915037391166,913.5334,772.5208865269425
594.3396614197577,584.6352473831765,576.4858,557.9668723018045
820.7660077485937,827.1333913336061,802.74023,797.4828453924318
91.18651449821304,93.84139160674201,115.0495,169.1782313548624
90.22615023703428,84.56257299418957,83.53564,58.35800952745733
187.0231774481765,192.39303630426394,233.98505,195.37664046486168
208.63292681137025,211.46363779583413,179.40952,193.84355320335433
285.7358529617369,286.55311598000645,261.6314,277.96630733204057
346.76816786840305,354.558837827561,335.978,360.05895316851235
504.9193202050458,501.4526862450951,501.74063,501.60178539026685
812.9352636453813,808.0024900580606,781.2606,805.8634193479699
-235.608343234466,-230.4522431733634,-229.14818,-220.4271250373969
-301.0656736402772,-299.94918739651723,-261.9948,-223.56598038832269
692.7115978591049,687.6432454091104,726.1285,707.6892946300808
157.28816476385057,155.15706664433426,144.40427,178.70167397507967
483.54962261269736,485.52719204544826,436.99924,404.2806003452183
134.8413824095841,131.7263932317844,164.46411,137.49163241331945
-24.95436955226166,-28.06110729789765,-16.842522,-17.071367785016
257.4481125923266,254.0592073002963,251.12283,263.64504804813805
136.73505201891209,133.82637137525796,139.3311,125.57964040868703
670.4208248684408,675.834378901369,681.7981,674.3341342710936
709.6643756503987,717.357790047801,682.6579,713.8233497537218
-15.765374788065484,-18.099770294026598,-3.6798992,-12.50451195538103
311.39373837897034,307.8032370871521,309.46594,300.8046420991233
756.5549733932427,750.7413128062018,751.7285,736.1993870424757
1069.8400441946576,1066.3884717078204,1020.5319,811.6460340094458
67.5523716580665,65.54323408552779,62.77752,49.5545483942115
84.0446302335256,83.19510893605442,89.32351,78.54919119443755
93.71213105004524,88.16483407180439,102.736885,89.27630457343652
754.229513927196,747.288213363752,745.91376,702.2907828578891
484.0110437533774,485.01173434246834,478.31873,462.95255841616
96.82941659087142,101.01951960857127,103.1251,111.90676247077909
-149.01361020440908,-150.09205298458744,-144.22906,-163.07213592683462
488.9209879002665,487.30051767840496,479.99365,485.33645938070794
295.55890515973795,299.69092791201865,292.62018,289.81627728758076
569.7081728545775,564.1318941849254,566.4699,579.7011973828944
483.9479219972392,482.7909438643506,469.51605,464.00442846942167
492.59962783709216,481.87063722260814,482.47437,486.52633073568586
520.5115037591733,527.323169664176,549.6316,536.1195104762219
360.7204188766461,364.7425221524443,354.67172,351.6309613578368
458.06861370814113,459.4515827697303,432.81042,443.3992893737015
-348.1587397449637,-345.8346446570106,-359.8386,-346.5670835220839
296.9094905218871,307.19576835198967,303.58167,306.71082995833103
169.58580599009042,175.83102189436474,188.17801,174.81632141977198
88.41911667112437,94.23329132082185,103.26754,92.05979373188644
443.7999916472698,445.1118399735738,420.22806,412.2090887679767
699.0815590628043,716.4770382746223,713.6034,713.7253006156078
-24.27806112663652,-29.303378112831865,-28.474928,-20.86322259272944
821.7337569120428,818.0684898291554,818.73895,818.2737784240715
687.0108746962443,687.4372552787896,672.13904,693.7452033052842
651.3729896746014,654.5572121035245,666.748,638.2766926223495
-46.789158650873496,-43.77776204142032,-45.53367,-37.57841823387417
124.29318435635668,133.73615383646964,132.65446,132.53326812673671
285.13963906268054,289.4364873857758,302.25647,316.79277344759146
779.6006360193389,776.8730544624948,815.2004,660.4886792303325
-144.5238831797003,-138.46290183552412,-160.16008,-125.68048190750675
153.16381707328932,146.17303395311222,126.60259,140.7520136335654
355.158729026158,357.7039581502763,378.46948,362.88477486827526
451.0938919532824,444.83179532823056,423.1081,417.43109246048977
444.51760588777154,438.504527662017,446.10666,414.55371640593967
-16.39718544230862,-20.09903160849541,-40.93196,1.5177873521019365
540.4245249958615,541.6989842015499,531.3271,524.420777780499
1000.1693907830056,1006.1074475480436,986.75653,890.1968842255536
467.12580660030005,469.03311278293444,476.08835,469.9989781949444
627.5080283056759,625.8407700359157,676.17035,619.7192160501043
118.26501780561938,113.1833872337867,95.79553,118.75052047331805
436.3099916448686,443.5819372528939,440.76877,422.74232612498935
519.1835193025956,520.2951016833742,522.8551,495.7380071606362
139.8635660311344,135.174651256648,129.05533,130.63496963694863
577.2640066495528,570.6101178896039,579.5347,610.1702822639837
541.9288722898758,535.3002575434482,505.7552,528.7877714628252
171.40439583473847,171.34131487585083,198.0664,165.0176268740996
851.1142341523289,850.0818833575229,872.9659,871.0768680116693
562.0614546192859,562.3438382472877,585.6308,566.7372756914082
287.28275124280464,291.1760884514335,254.23662,291.1781552189944
312.5397104892989,314.89045404196526,310.91125,299.4373689811468
319.89144674539943,321.28327986098685,307.8494,324.94941677486054
202.5884148152224,208.02880568413522,211.62387,206.75154704223706
396.4653984796766,387.8898380856965,388.2032,401.50528506496283
852.5631353668476,848.3573420534477,843.29236,749.5922498044235
67.81566119892385,66.13399221749722,80.19605,69.72055053677366
726.6852809087776,734.5481127910138,710.0013,750.1219399809557
177.2275959030944,174.1109348983156,165.10057,173.85368222448372
206.5887421860314,203.61197510305615,224.98184,213.04996449626455
388.0145761975326,384.7794800123951,392.22864,393.446305774061
355.54006163210954,345.22334269796346,342.59613,353.37316971295706
805.3323075092401,803.8279136002898,784.15344,790.1306402467254
688.3047470248656,686.680865616032,664.4353,692.0865065430677
-39.48569285092521,-43.744819142365884,-47.10669,-45.02299692537918
319.9215954226021,325.4103009178823,346.94043,315.6335032066497
412.5165093331433,419.4381321682688,391.27393,410.6102126724076
553.5753415687965,555.8779727902748,566.91876,551.2432700093588
75.84548233615713,80.52655015508765,86.9265,97.80590389889743
-214.69733757697912,-213.91539899355644,-202.03476,-194.79262168211645
136.46066014102692,138.86046489351187,151.35744,144.19970281379568
851.2482737368491,851.1612760556505,844.5883,780.8841656526062
608.5499456203072,600.6218199580728,542.6145,577.5915462522869
194.03789726051443,197.1216809431086,176.171,186.08577373273238
-221.3727599620678,-213.97776369207065,-203.42842,-203.69659001242437
-143.3859560390384,-144.21307273341256,-168.40187,-159.4914331558095
454.6339613395688,458.19154653275007,464.08923,452.28077971075703
612.4892935760424,611.9716481554785,645.7401,676.5957524434168
520.9419994943551,521.7216390286126,514.9318,529.5726307695845
317.2431446378663,312.891161968568,326.76736,320.37495688226164
114.33752072973115,102.08371926694213,103.204544,110.21503268067345
105.76400875799791,104.83538274618391,76.57085,71.48895126974375
749.7836223111033,745.1012038858232,748.13684,783.1052911526497
203.3676323533816,196.9122661297771,222.77914,250.9755561410375
-54.47947856996884,-52.20259794972981,-36.359497,-44.731170721291846
326.1648465705904,333.16555883699624,317.59412,328.727111930047
260.86388607307435,263.9264398285862,236.30989,248.92241663189066
338.4094528399535,343.7092546590735,336.40692,353.04041405004637
1092.0088813942168,1086.9432166886659,1134.8971,1099.6889778865755
380.3331857366597,378.9499948622466,387.35846,387.35254253231466
-95.24460500369982,-99.72333100419496,-60.89945,-76.56320666253173
131.54725477099802,118.92082344329029,94.4353,105.35099722702391
353.1319364116045,358.7123748877149,371.16702,363.40280894113295
325.0257063549747,321.37220496370384,323.14365,324.2269348983974
-315.4510266632852,-315.2005603277663,-313.95728,-317.629922194714
-283.4611043873899,-283.9142255711696,-268.41898,-273.86303255446165
139.08666330589548,141.23299328847028,148.45117,174.23825356826708
-55.70945597043932,-54.18833569516653,-75.534386,-41.72810430373404
429.629419431273,423.0857469477088,415.76147,419.2316213784335
337.84028161702327,327.93004654413556,317.4266,315.55691549933664
104.55913895546554,112.12192921556328,95.506584,115.16981013399025
175.54216355942907,169.95186295816666,178.11038,160.6571989530373
1005.4601156515872,1001.9183302351995,989.3479,1023.1346744785603
1033.6267628416574,1038.282666697065,1003.58734,1048.1449624094466
99.46734776902656,97.83067054550969,110.90819,264.0731057266628
253.23617049102089,256.3252968150087,213.10626,245.83442421788297
-150.7876543013378,-152.4809630263092,-157.90794,-167.81868160184976
400.10277128925856,410.1337699107506,417.60675,405.2908889048058
-160.73773347175748,-163.86067571264596,-160.67374,-167.2718413270449
124.22133422350778,120.07172999445848,161.23355,117.46321463228512
-120.32277078034429,-117.5289504126427,-147.85327,-164.07957984761097
591.4370172619983,600.0653917622939,637.7902,605.7605713622125
-262.5991332820092,-265.5218538335672,-283.43863,-242.2812973386575
197.87850045802247,192.64727966089958,230.12213,199.2500428174134
395.931965152902,394.0023167703138,389.8947,395.15495667308267
388.7164193401818,384.0079765780146,364.45038,378.17205820874307
947.4099711153432,953.1199096430408,925.547,931.2684122825544
221.19407948890773,212.1146630309189,245.60558,225.22489374610484
1275.0954138232194,1281.9656376668986,1213.8845,1096.8757629765837
329.33682754541854,334.5383462597727,334.7905,338.08715257278715
352.2159556440422,349.5737029193125,349.81183,339.78322665058414
1018.9209730860488,1023.4124047579613,1028.5259,923.310214853753
327.38328117497787,327.88639068013936,307.35297,330.3518441730049
346.15920680246387,339.7344367597353,309.95776,341.42738116437147
190.0557132138687,188.076319374132,183.70581,175.1302102049598
260.810478980477,258.0721793261091,248.1271,239.72008648642893
385.54121210457714,384.4804069953318,408.50806,380.75777053481573
-43.50591529409394,-44.916072178680395,-28.886065,-8.799624033418917
511.6198378190202,513.652969694278,535.5686,514.1581035841447
530.9299987510955,529.2836358387924,551.3472,523.878100167908
76.40521964494818,70.24877896926483,80.06058,74.86335649025767
456.0107817702514,449.491015696408,437.2669,448.77530598645467
484.3435075666864,484.06138545263536,498.28778,494.4068099187013
640.4136239857837,640.8874037791165,634.51086,660.9073245660081
316.0037177731348,306.6081488443863,301.25388,316.4747306074252
659.0165375113619,656.2639040443844,657.1472,648.1124494915668
561.9910050061683,571.6855100951125,539.1817,542.9466415678473
576.5281754035373,578.047002460349,561.3676,575.7428959410037
247.5790051231044,250.99356515269636,242.21014,235.8719313311713
17.063589571411462,11.407851542935816,19.245142,14.019743372622848
329.2302553469733,329.13710480551094,345.1386,325.52975726313497
668.0364849802679,672.8016196745148,648.4855,650.297650054002
319.2354240602421,322.99380018203425,341.28406,331.783290125691
5.108779389186108,11.408349617724127,10.839526,10.522960743100832
309.714084196032,314.29794532154534,326.1176,317.17729624925727
407.63992330015896,406.4369546424286,411.86386,384.06807356492425
-22.318497839484408,-12.320919901248374,-29.382446,-21.31010842577077
363.1161333628527,371.4510034118946,397.19928,383.8578279168714
143.43798301510833,140.48349353150473,153.77483,147.63772405337585
493.5056811124217,492.3856044448639,497.2194,481.2222927228758
554.2490590105075,551.4975391810441,536.25574,520.1810345089706
486.8938002193105,485.41275232260256,496.46942,490.41589907001384
332.57879018073834,330.4851140438267,352.88504,316.7142282014387
-103.51639161478006,-98.74318554617889,-179.49084,-118.45267922226218
226.02481702812264,239.36150121843428,238.33536,237.00778792086044
55.111903161776766,40.49301575751656,46.183426,45.19770977196394
499.3758257632812,495.9336119266135,464.472,477.43878973061726
540.1049475952584,540.6794591052626,519.3173,524.3305335131756
-65.89395290445329,-59.66458052362054,-62.506447,-75.69994148425506
-6.895388182929375,-9.138828155259148,-19.103552,2.2654892776334354
763.4013329866677,757.337989390863,767.8231,759.1608956237726
509.4133741763062,512.3702734615223,498.49838,495.91162078413026
191.58267362025447,198.70082025815154,184.64319,200.6246334227029
392.7364439331415,393.7208177516945,364.15674,386.68271662088443
567.5932541516087,576.2927615433331,577.90845,589.7011671126961
146.11743885900347,150.52173170853263,163.57518,176.08739400887347
343.5264537051893,347.86510773450533,348.42578,349.6769958295716
471.0267627012214,468.5572056123642,460.38132,465.92926775531123
653.1778274151849,662.2966657022821,655.3042,661.8519377579337
616.8005583933656,608.8439596305071,633.34393,608.88105693022
869.8846213777389,871.8923525268983,874.7474,849.0704136875696
481.7321030921155,480.6829724951336,480.33502,479.9345075038833
-192.9516427364645,-198.91064085154312,-182.33473,-189.86971067915266
-253.91816726105597,-250.78125300647787,-253.46419,-276.2391639491786
342.95714150374044,329.0856304127104,326.02603,318.516472551938
502.84098841836254,501.1136153313772,530.2944,502.88644889877645
477.1378479251622,474.86740916234146,476.88342,475.49878034999875
747.0725038966791,747.1294462076212,755.5131,779.6108050510828
372.0171882295453,394.13002062122064,375.28653,365.963600071164
478.7617008678667,480.91817693455084,483.85565,479.1023928048951
49.7772755127991,46.182985125984715,46.369404,31.973463903477903
782.2727146249908,777.6482261247565,805.2549,798.1023248142145
594.6741583335103,595.8758962105746,600.00287,586.3959777353618
377.5977162962698,370.5935384523813,392.48544,381.21305512345515
268.25114788586967,257.91692703759816,248.06607,252.03522900280873
875.7791239500734,873.2913025067395,828.75085,830.4297639774904
290.4288134649513,287.91586185231387,309.60153,298.3776885264245
482.782140911034,486.20420625633585,483.0186,536.8900344219052
171.10561084135497,171.82524450054356,164.7348,174.73301549952984
-116.39277382824214,-116.56111227042987,-107.401,-87.4053553405057
970.8785064662252,968.1378066781011,969.07605,1035.9555650433288
-495.217796248206,-489.06368780561945,-469.2965,-414.3261853639239
422.377174644264,424.0987182971657,443.1205,438.1685259609515
400.8482185465909,400.06591639405497,399.62387,411.82809471066656
330.66516855140094,327.9155441647228,346.85468,338.3596324107017
637.1837621748755,632.5139475675105,631.20667,630.2632461336826
-16.57577672909352,-16.729716353624212,-27.595276,-36.406797699157174
-358.90515461393534,-353.72589589388497,-305.02896,-176.8075186113109
209.2734513146396,209.07138037889726,211.81178,195.39120636506453
593.452001885351,588.6290386582934,543.3935,564.6552999365036
173.18679217372946,177.07778147163683,183.96246,177.91018243187807
361.5594522499428,362.76282147481584,344.78833,329.2808506427951
309.932618511252,304.0166459415558,289.56625,253.39918850918144
642.0609543585958,647.5877324247817,640.95605,669.8744463957967
89.36644475741883,83.97898625492869,87.41044,85.65173417346958
635.3008682320767,627.6562956302389,621.7012,628.5052822350034
641.3415343378521,641.2453467974492,623.1755,629.7710636484908
-523.0249861316432,-528.912631828008,-451.23984,-417.679808235784
574.8540409763231,575.7178151392878,583.19666,598.4114900718847
1379.1848134259217,1375.527302283154,1192.4938,1069.7257654638597
543.3894202855386,534.6640899338784,523.8395,504.20708810674637
261.7659405058742,264.9325506665306,253.17978,257.577165338426
216.32945354276745,215.56959962617816,205.5012,211.45241425059865
28.894733626511105,33.149183363358134,32.54343,14.515070552216924
-361.9736768467346,-358.0712582061823,-353.89847,-303.9039169110748
332.04744933838384,338.2689367302531,338.03287,352.6634138572504
-25.171537601950277,-18.628191348305336,-4.158354,-14.437958596983478
-443.5865566961112,-447.2266834861513,-428.74377,-396.3234236942233
46.83722633392047,47.56769637975708,53.336555,41.891363145410814
-19.939125038599755,-24.133257871594765,-73.96428,-16.107259532190344
383.89688321875815,380.59963728675314,370.99387,369.3818906594879
-384.30626500304606,-381.0818633380351,-393.67175,-371.55979801191097
334.7119834239766,337.7145951345754,295.49078,296.59649812397413
19.160759486471555,17.146442484353543,17.529802,-5.793964924214118
-50.22947161754962,-50.30424155310584,-60.2257,-36.99573355193641
-1.9702985903342345,14.528228600930504,40.1088,50.1359275253427
61.925997781260335,57.714451366101855,65.03363,63.80655328431347
301.00071833292225,302.54747772769355,259.58447,293.94555820556525
-335.93325998579934,-333.3070303549172,-353.32278,-287.5908747038266
315.5486511888513,309.38199699123214,327.81992,291.5608028808454
63.30364529510073,68.76373421874075,52.205784,55.28385407804086
141.91219587784272,139.11798618646554,111.6301,139.46733214922585
86.83933493588789,86.63489329769405,89.62527,83.29357903422411
485.225383398789,486.19739311148146,466.01968,476.47311212043115
542.3979605171027,540.0173853262397,543.07184,536.4667170597121
804.2992993497531,813.3229723284168,771.2093,773.0614902314701
16.979321237756277,14.41737618570221,-1.0667634,-0.8950930304358483
660.0020387501044,667.5962726989645,684.6949,675.5828127573877
978.5454939546752,978.803413999116,964.9046,1020.9393477186032
-276.70229343084094,-273.44752643461914,-285.8283,-300.8267444266779
789.3497901945111,791.1749293414364,769.3489,783.3576510793006
715.2484428303209,716.0765386396599,706.89197,718.5392851236556
168.36093603367627,166.48641940541918,184.44864,159.2292900416546
257.49692962050773,253.03474122551302,277.44534,267.33710097019235
-97.22592796805324,-93.20191050204181,-87.86317,-72.051029280152
-110.29650423405738,-103.10182052188867,-91.34312,-100.06349609546591
155.16865711184136,145.41422538829684,131.13777,140.53552180052318
-39.99118323403637,-43.76673048331622,-23.911392,-27.690863740463993
554.4822455731016,562.7044349971092,556.74536,572.4941318735189
893.7543880484509,886.6044030448692,905.5352,875.9358864139789
241.3384547660168,236.0244028247076,219.13512,222.86950151678892
683.0785236457592,675.8786089624668,694.69006,692.2074378257348
156.6052287887124,157.91058327947133,161.78522,163.96933749350956
357.1455420167828,360.93062302663037,363.68878,362.5934888192628
-183.16635885996448,-192.66174850200395,-201.40718,-202.77637407482388
316.75210717386614,316.92473970371935,302.89734,335.94121900446453
177.45297553362013,178.2159490159983,161.86565,190.8501616405526
315.8277197799248,314.1815466717693,326.1155,307.79598711112806
359.98718277407266,357.3518809343671,365.15045,368.81493517414197
72.96970103216084,78.04497736072017,64.21582,75.97605910998048
33.56438110157986,27.207115792964657,40.053856,24.79397733320338
946.0944695856394,954.2144087167313,905.3861,975.0112529393181
848.8089965313927,851.3091193825113,888.60474,858.686946046199
180.847548778534,189.46074702338893,197.46826,173.227240213189
1033.0616957169525,1033.977685088755,999.9367,1061.0424698637012
435.3455962844542,433.4566135955114,458.90158,445.9076053086705
-45.5698139139348,-47.47556559906667,-30.997618,-42.81343526622043
219.01007251816387,223.23108954687336,217.37395,223.18990736445969
673.4480831519337,675.0826164112483,661.6821,656.1228422564634
731.0199916414499,727.1589814231478,706.507,713.0759950871259
813.7620789879685,811.8261432229891,786.6571,747.5544355330172
38.03358129839109,35.267470423191185,66.18053,31.793052274364562
-76.86594428249336,-68.44316998021202,-63.46701,-50.81979359489248
53.22878706213768,53.26287806736764,73.28185,39.69795365096605
26.093369989091705,19.551418693771666,15.298827,37.612008729784456
381.8914214306898,377.93824745517213,395.47504,371.57437712219627
903.4464722262338,903.0663278710014,952.5071,858.0508276851576
331.10926507772865,337.5789746795118,381.83676,341.02019431317916
811.3724068345101,807.8910769019693,792.1077,789.9156765387118
108.61135426907472,110.29334592010179,129.97733,147.16164574670444
-13.37287449138379,-18.651750653752345,-34.58956,-24.68294234288817
554.3223919704975,559.8597796519468,546.34235,535.5287091931118
553.3489836030949,551.3885381752913,538.171,522.0832387265813
356.51887365751406,351.41555650372175,357.2901,349.2877312242766
315.83589764096035,317.7404959181858,327.79773,319.4128721411099
406.5485642610595,399.31480376269076,406.05945,392.9588774314955
891.2023565516268,895.2357082727698,853.832,835.726340004613
-213.12870361836724,-210.83540791544647,-270.4742,-237.9713226420964
303.46719133164345,303.52399060803464,294.8545,302.62809274086993
250.7202988953504,246.386869506234,251.20584,235.27846247868172
-4.1198066845628905,-15.219761961976246,-51.445297,-1.6026065513848113
683.0886648795323,681.755259183478,652.5949,652.0353730636281
-203.41666556966675,-204.1933835728163,-223.11078,-220.53808015982136
433.4081426443991,435.97958440044977,432.27356,447.7381235733962
185.9513191216192,183.80719244317672,195.02579,206.54215036510536
321.32699842721746,320.49515827524,311.35184,341.07072575105065
409.05453164990905,413.4901567870821,413.8323,392.15925090648057
537.7227444854029,531.4857985162766,555.54395,521.5067365589562
16.52888301788357,22.92922627230206,-15.65434,25.104452346441544
-2.438118905562236,-2.3718519715451976,22.944773,24.515947720513815
292.1024241811452,295.79970161175004,295.9202,286.9048533673204
682.8997309757558,679.1057225560854,672.6491,643.7054926310874
464.02613234829295,472.3018532629649,472.12723,492.06926282046885
964.9781682486616,970.3024307930812,842.56586,708.6602643441466
620.4297821471844,615.9859969788536,601.00665,615.4000794552925
805.5587349474359,808.1009085060566,818.532,812.2996653437551
342.64067914428904,345.7561726765756,334.78537,345.99647584882905
76.1626974990052,67.58040900127719,88.94782,78.0987923507562
351.92563083398085,344.4890218673352,336.8894,334.26186213736304
536.0749208466359,536.1657438892289,551.892,538.8766585834904
595.6396453738813,598.2242813325761,599.531,577.4709442403746
590.8031294156591,591.7698482713552,590.32086,586.7647462967524
709.7664771110401,709.7433722884133,695.77325,678.6124162795332
429.091635875576,429.1942336679722,459.5459,477.79796903700725
34.45180073535281,37.11558254992252,3.3743021,18.846781697623502
730.4359590393801,724.1619697847418,780.2198,686.4407836508865
309.08306397661914,312.2977885452484,306.07837,313.38363213466585
479.8254823122804,484.4629188477828,465.9975,467.61833517335435
-202.31486274993512,-203.1979850627904,-258.13596,-237.22145171804348
-375.658417431173,-373.15019545232724,-378.59628,-365.31970771214355
129.12277261316137,121.12084624870263,117.77987,124.53449571227257
335.3915475029048,343.5860008730705,362.5632,340.60298350986955
-26.91430912924665,-21.98203190772142,-44.304527,-44.40459421541693
-135.76020063136187,-137.0661029276872,-146.71898,-190.3600093968245
654.5887493373796,660.8655831684046,643.56976,681.4938428621612
210.0108631626765,205.12881136520758,218.6049,212.66313753960048
493.3448736462739,496.4214500723356,482.17505,453.41422776127905
297.24252514446977,297.9394484558062,311.6264,314.03055213697303
-186.06833045779652,-191.05718239397805,-187.74034,-135.67981585950284
610.327634959462,603.96172035416,629.93756,605.760693918261
-297.31594621050687,-299.30761610965146,-247.70628,-259.72392323542226
533.1764037948475,534.2982637936045,556.25854,510.1146419396877
986.4932302680696,985.8135438271734,979.3369,1042.2105047546434
366.9832732901016,367.01835009651415,355.6645,351.9796490167196
486.3764391632869,491.0449195096662,507.61868,492.43629313100354
64.34096177983176,64.56827779769145,84.755,61.847760395676836
225.1518280755327,223.52529339330695,212.73672,227.65361035957437
381.9550067144673,373.11793700508895,373.62152,371.8872983848178
91.17373867913996,92.55511636788447,107.98578,104.75339910093834
454.6752133207066,449.5374615672351,463.1829,454.15528922251394
-16.75439202926547,-18.621119109515917,-18.59443,-8.065165462007036
202.17514436298816,204.88884182969142,190.12999,195.7028508544351
178.8552936729422,179.499809507594,181.12611,188.18641389391212
-153.30919880442224,-155.470754773681,-136.38962,-175.2533827107024
249.8465259141055,252.49763726811852,243.43488,259.43811202767375
470.7963223899952,474.009577535316,478.17953,454.706837994904
784.5818897935205,788.911027885543,756.4335,777.2629539738665
350.647725488169,347.9901234484145,349.0114,337.28717867468436
506.5988649943573,499.0512948788479,464.47742,485.1683853511418
-154.55989688098126,-165.99530345111737,-163.58583,-189.3294075697147
437.3895452275551,436.91630946968155,419.73236,427.9666747984687
304.1515720145626,309.1402218865149,326.25446,296.6193087978821
531.5890814372144,535.0377799212491,528.8437,519.59019080205
410.41472468605633,405.2810601705791,399.14987,393.87104727178087
-382.59039088602185,-370.3747023112255,-349.33038,-252.32496038145226
1105.5638189181982,1104.4054461415164,1215.3516,1088.3353688998232
257.040331460765,254.99234584505442,245.03716,251.42627454957727
1042.1536057935305,1043.628256456632,864.63794,717.6863759966642
93.42371965741938,103.54737674241534,98.58557,104.95732076373055
1183.7665165261706,1176.2587663795882,1131.2804,1115.190891039176
352.7711928728834,345.77475558110115,325.99948,342.7967640692983
-47.81711939577336,-42.29816884314317,-41.64903,-7.969722687986246
-95.91024995272052,-97.76416161949606,-100.63353,-96.4522066328801
24.033841952824048,26.13963314679421,10.083472,22.823690989233754
-271.4901299636785,-273.5355319592493,-266.55234,-290.5717053808474
-284.25221231246155,-288.20549053908223,-274.91348,-236.65559988816798
192.89125466904216,192.30693335022642,199.46387,197.42034601994212
-46.29566215160936,-38.88623834893434,-76.72886,-30.3007850160367
-466.2396404790101,-460.55473381530896,-391.8658,-230.10574864036352
377.38949657678194,378.73429308605284,384.32547,379.46360637059234
-266.3651431871957,-266.0209191191226,-244.63918,-227.52836714054214
286.8217253846007,282.0542513883823,296.8883,276.3068179115751
471.89314247357146,470.96741404645184,493.78513,484.4673318229411
302.6717847915937,304.7102998147738,310.74612,286.13774110031903
306.6011980271465,306.0609672100838,303.78036,325.5642884641177
235.91240627385383,227.15619676125255,220.9733,220.14291998491123
143.45527187624984,146.09680837382555,164.38115,155.85749334959712
773.4437106622635,772.1293940362694,820.62683,808.2168618942967
350.0472516143988,357.0139081341377,354.68777,345.2333776681917
196.04357167812088,201.42284248282263,203.18378,202.63628041150466
640.3311928440106,640.5502003525959,611.77905,627.5617782420128
307.731061205404,298.96764825628463,297.64447,305.40633631913346
-301.9205554158319,-298.98816797481106,-266.5856,-274.0769812304455
434.3818579889814,432.3384631137319,415.18796,415.0029478218927
-99.3634857668821,-96.38970200696201,-81.032166,-65.24580174416883
352.4774289393809,356.0739340505011,351.80066,373.92966967650716
41.91578659229416,43.91740537128675,26.448875,34.04748921136556
170.43538633155896,172.18887886889544,226.02217,250.97623189633174
-19.516362862427044,-12.07097921708663,-3.1489544,26.720636279996317
-537.0671003661063,-540.8427828807486,-496.2718,-429.30803157613985
518.3123430708595,509.82704928273375,509.42102,513.3499456125295
19.33602705734788,7.059197100159167,27.07386,11.045806124556515
214.26476148428952,221.26067136697853,212.8857,213.70098139449436
949.161653164556,956.8277866693693,957.87946,880.6935895366437
110.67906418861148,112.91525390291349,141.81209,111.8485156871314
614.8861668395613,618.3562517246728,591.99646,531.2006913797666
150.0914372673205,154.68110785688953,164.85117,145.21829312651735
370.7120006384378,369.4552497143079,358.6382,376.81479548371516
671.9887607208402,668.5046802369122,695.48596,702.3067994780852
772.1029487362025,765.4027317594596,765.5797,722.4128993211646
1020.8621212556156,1019.5570527859352,1078.2147,996.2633629311455
376.23634346031497,381.988497428695,385.6966,384.6296646722949
825.5658936329445,821.4851206160395,810.9259,803.3121734154865
305.4222275660837,300.4358932615837,309.93167,324.98138863050207
327.71585739153807,337.06122807540845,351.10406,339.52617483090006
736.2499254087037,743.6450943536511,732.8034,736.1959083532313
733.3107851127314,733.2538768244374,719.3839,726.2336437049023
-55.02109291874677,-49.60902214245118,-30.1624,-67.76504567222078
269.50520098398147,275.6808245443997,253.44939,264.31769534691
481.783228560207,482.0543514173161,485.80933,475.35567439659286
119.14552014646254,115.49883832149658,120.88399,180.73751359817695
65.49064252070195,64.18562684206597,34.702713,56.61001491396847
-113.4451152135451,-115.5692563425643,-132.82806,-118.56366292129428
-203.89876201552056,-211.92278875180466,-205.74727,-139.09360935571084
513.3291014811357,512.3124447738063,504.85962,511.5960149484293
614.9979980682028,619.0032166607441,625.70233,618.5614612938874
779.2762940487183,778.0740380669224,775.04834,763.0933237267387
-116.30740895407187,-113.96537981984653,-200.75072,-125.0346848943504
692.8926896708886,693.8332267702579,710.702,716.7501290467886
501.14814876564026,499.6467861464031,502.33722,492.2419368102996
233.57375354773563,231.44732549272783,231.48705,233.33667675276948
109.3881820338895,112.5978676142218,146.7508,115.6424880208482
-65.830591609541,-68.11015518233768,-76.22838,-59.192693368716874
738.1629528571219,731.8461873454476,753.1438,763.6945312257061
481.2600534278884,477.8187990899087,485.16278,478.7955519384124
653.9405169066372,650.7125494784226,657.97296,670.3768262949355
43.23864365088886,39.350380696430875,60.46047,58.85226141256907
260.6855664586909,267.0616131162435,252.40974,268.623989990492
310.2097976302693,311.93235595746734,309.95288,292.42832350490175
361.7956660412792,360.0019899742543,318.6521,355.20639283483257
-76.13124285394167,-73.96143532855632,-39.554626,-46.877991400879694
489.5712390433588,488.7044962395949,471.35687,515.398155763199
-424.7823899683312,-425.20194761441076,-396.47617,-383.88173313271375
445.7380201208817,448.9474013521169,436.9603,451.05883928892564
-35.43502434982429,-41.64062361298346,-37.884304,-24.746704876884856
300.0513124472393,308.1970018584057,310.53824,301.43683298052815
954.2821643223294,951.5767811006059,994.33496,827.4485751554369
569.0276473695424,574.8817606083752,555.29144,570.6525094036372
306.9693494986447,309.31880633289165,310.35526,322.78339970304745
392.33302908316415,385.725250386144,381.83783,391.84994954900407
484.1940026685078,485.95857661617833,501.52545,499.6760112717882
498.45476324433713,496.60618398991096,508.08627,518.0664284802561
190.5965844106264,196.86820777986466,207.08513,178.97084869524897
467.6587308076522,470.23616609562447,465.57712,471.59908792959914
107.12880623259504,102.89801538325693,59.7816,73.13665213833164
597.5125616972481,592.8570721452002,575.16113,603.0377798312954
306.3539987748729,304.74348415474714,321.68182,285.1498762496239
-194.62656375367,-194.0015588594763,-199.72708,-143.62419884316304
300.6210892344174,301.03297137506075,340.6541,327.5472022491727
375.5338341753488,381.8985863802,377.72913,369.66376028594135
332.3127605180224,329.1293614122391,322.78275,320.55852797529457
857.5204176261074,860.4662364894367,817.93085,790.2067305295776
137.28225973111918,140.29214192151707,125.3041,134.3327738655266
283.2437648335452,286.5825879288361,299.72803,305.921133017694
191.0743745248167,189.88265014504088,219.86536,215.91515284852767
874.5998925016864,869.7612324846309,838.0597,802.0791645294038
285.1942860707626,286.76505026296695,288.3739,281.45638220735896
1230.2549410377144,1229.9638213070546,1102.8009,1013.1213107105177
407.1307958414247,405.78447570838455,389.45276,386.83677753062545
287.25928650254684,285.62030376473086,298.79272,296.05415805287987
829.116648474775,830.0997285035493,872.75964,847.7688349743565
-264.6616468887602,-262.9630112864039,-281.55746,-264.14003157329864
157.66936424562917,154.3221782849154,189.08237,104.80991758534739
-153.55885363608465,-157.09595807656387,-191.9511,-183.78821191577399
716.8680384156529,718.3025265312369,690.6257,757.100727233576
706.4389718586413,707.6086942426539,718.56476,719.4756513282631
300.3275558152432,296.99078814565877,254.14809,288.8933113346991
-172.45895295715354,-165.88839865636146,-174.00172,-187.81152499311202
841.0608746710443,829.187840477835,791.89703,773.947821697282
598.1223683183453,595.0790607221261,598.6637,595.3412735484344
312.5836853070433,312.92201518988,330.27466,333.2777149783438
304.23386968435307,302.0234281706939,292.37598,308.99711193324214
272.6637993324655,271.5703360402371,266.95056,276.94099534203286
-252.6282950912777,-247.6608566574929,-230.12733,-215.56439336677153
629.8387191898909,627.6621304044595,655.33905,623.1793613707493
608.4355409519922,606.3944069893623,627.0513,571.735683780103
835.391755979273,835.4960120543099,855.24115,843.0530367906401
846.8749270771121,842.9964692664125,830.57245,834.5191376583692
884.3853737544512,876.3418414038779,833.8455,712.0546970401998
348.6980328534767,349.3667465677595,357.88672,339.9806780334385
549.3975580359482,545.9350926614131,499.65192,453.72408788872224
423.6773041539599,420.18273319239586,391.35144,404.3908822833728
20.934826376978197,27.09685026594775,28.998577,17.48478206655035
-49.403740272973415,-54.89050337527618,-43.455486,-46.25113946168722
-128.83142904550888,-125.3389562348932,-127.8703,-150.66049229890652
258.896414850676,258.57773966928426,251.93726,261.76539255846166
440.25296226234536,441.5246450331009,438.21408,424.6617569197854
602.16779453813,600.7052149875924,575.02563,591.6213128727261
545.7625180961209,550.8594330504685,542.35156,524.4342817300258
339.79098879080334,344.44040376399727,353.94327,349.68484726364113
31.316498731295688,27.19904851440981,24.240065,32.969186023893094
373.9000438731353,374.54001819929454,359.80392,388.3140756207735
528.856600835004,525.1879805249116,503.21036,509.7911099769986
254.54309780373683,259.3842538076617,249.65112,259.6356049866967
460.52082515238254,454.4164635132299,466.14612,464.12814380532666
237.70671550983928,242.0873908579008,247.03947,222.88291441577516
999.1665168532076,1002.5743865672963,1005.8611,856.6716454043377
64.07250008067851,66.08798523709598,69.532074,50.89312692259008
82.7114046268363,85.83493992307999,105.36971,94.43709869746829
470.9972672277669,474.3884465540606,441.75397,498.06518525713074
-46.01663584846124,-37.90549135267054,-34.315937,-31.8903359033244
871.8341206463979,862.8507531784566,858.04175,820.3177863488461
54.64391201141434,56.91848160691481,66.847725,72.94833705907901
419.2665657774671,418.8358323624872,410.4973,414.49031573631174
888.1174363957974,888.5196597492599,918.7523,889.6754618319925
584.6939663282369,587.7877470826888,602.9259,662.2783700524228
232.91244924549585,231.0680140147661,238.90694,237.2853899242764
687.9710406541905,686.7774366417368,698.4568,691.0805128660223
-154.58514554976185,-152.416863915484,-154.1674,-174.18035942216545
648.2756246462365,649.0753276041664,656.75806,668.2418820078502
310.92411195749133,313.89784675152623,326.6279,330.60221832512195
579.3682018494413,574.8186355113627,549.42816,549.3713101690477
378.0581381031532,378.3047986503436,393.55872,394.80402036066107
52.663175520815685,56.273731389678375,45.61351,51.20407735582428
218.865548972452,210.364336676734,211.49344,205.41201568487196
225.28970135053436,221.58865159619222,245.0042,228.17776343169098
464.5869650424013,462.19210800454005,458.91925,462.37285729548154
365.825669519898,367.95237495601793,361.65646,342.86649566036044
91.80385816614388,100.30380452405845,90.60598,109.46230087320434
125.98040809918922,132.8975658311193,172.0834,237.10492345657093
444.3235385253795,447.97053425448536,430.4869,439.94816221919854
140.2148805845211,135.2085085976404,119.476555,144.37238065307272
606.6006319970405,608.0201966677674,601.8455,594.9672845768688
666.8228397391833,665.4377596852717,659.18225,668.2506142091144
532.3995089531084,535.2318438292733,560.3368,529.9806493829799
-36.146194928258645,-34.58353681687146,-22.190945,-23.150040154821475
132.72833216797127,123.99702227502615,158.33284,199.69937443148282
69.57865596033544,69.24123334737877,65.402435,61.31399698316866
-225.43909342971224,-225.45090082008494,-208.5075,-215.68627520356813
623.7087551391124,622.8054593248,631.02637,622.5568622303983
509.6836099240936,515.4409689172053,521.4485,496.81355873765955
547.9910084841895,538.1805142088945,530.6076,502.0021917285146
715.0600379008551,722.2265039771239,739.3768,719.7190565132731
-271.438668268427,-267.70460281074145,-270.0267,-272.02158539166857
714.3915085994702,719.2100167322878,691.85565,702.2064247613049
293.4053236879835,298.72750828266663,290.25143,278.296489791532
496.7382364539788,497.89295414611564,484.36926,501.7918750738286
117.96399059742264,115.66519814428224,91.520744,109.24278020942528
409.62410091898016,409.984860107621,407.58994,445.6179948240826
462.8564358796633,464.65060608841395,462.4316,450.9998605839426
461.7141066347302,461.0498250968983,466.66446,470.9308458803214
150.8252903958179,151.63496811171848,161.84056,168.4946729603762
-62.75748226313025,-65.30205806500788,-70.85442,-60.82593996869023
723.7997844326563,728.5139452860224,714.39874,738.3393270941041
624.3389383331735,629.860842576074,614.7443,635.9356788516459
630.3529928819789,634.454221023223,628.1974,635.7325708245133
89.57165482608526,82.90808647272587,103.87319,112.41305769622127
636.8383967443133,630.8502241646289,628.3438,641.7720786034581
253.9337874223299,253.66783573785597,258.4784,271.9111864880441
431.9760981887832,436.9762264561713,458.9526,445.62379516931514
262.5069525314969,264.14633995550895,284.18167,256.42783893310565
338.88909600764885,345.8158837845329,332.1007,321.5666205133591
213.05896791436317,213.4930281505848,208.77573,216.0719116447997
527.7184450093558,518.885333043524,502.37543,492.8646973048552
22.289598878883183,22.03434386406076,11.5476055,19.509763253357008
388.21322404376986,389.6101963725962,396.55148,410.48918144973226
27.10327471254518,30.3637670523201,23.636501,25.802635987711202
12.628124720166102,13.619919558467075,33.193443,17.52794727493756
-130.44298311159596,-131.15309934770232,-135.71356,-193.54518763441243
508.8993424077729,511.38759947743534,506.12274,521.013987809209
-101.73709685290412,-101.92406284958184,-96.42196,-98.00789720286994
544.176755366751,544.9034448344731,543.9473,531.8196026710855
173.10065893785114,170.92302283844987,146.12386,178.64987893303768
196.305741227956,193.0748568930573,211.51117,202.6445146888113
471.2685399789557,470.70935374965256,483.30182,484.51505361661947
334.3289136225945,338.77369672371236,344.51105,349.3130764244809
-6.99647924605482,-3.4274803978342447,-16.055107,-0.7703787526347661
192.51467573686324,195.40194775644088,166.2157,182.88270173740383
668.6083650136283,670.0322437308453,645.42035,657.0532013963235
801.2089096797138,803.7896979887919,776.634,691.465733766165
933.895505067564,925.0579882370923,959.0079,869.3494355710311
-197.9669328891197,-203.61854678454756,-211.19067,-208.19366311819465
-20.982477956569017,-13.329669659147555,-27.620173,-7.322191650086682
730.404246859067,738.8144525396635,755.4433,740.5293760642722
290.28801197929926,299.20690522870797,296.8892,282.0098447659594
446.6702251159852,451.91581657025597,421.64783,420.15196151874426
200.87083516275052,198.06153406924176,239.92073,205.74867670833464
53.66425298932249,56.717789534340085,60.343452,56.66563513631834
-80.73063692448304,-71.43191247765719,-49.110474,-35.423097274631296
24.128443906349126,19.703053206016193,-19.311424,31.106500774105896
570.8870901182303,566.1694922366712,572.22296,578.5671396880955
280.0731139306208,285.144234303591,290.87738,280.12168913425256
274.1396667168942,273.9821797235819,328.99826,276.0129351683987
70.73581890890745,71.87529747936159,81.87122,96.31676123214608
354.6656098512518,353.059291033115,348.8807,331.5642608988035
354.3822648371349,355.0872764235145,361.13608,343.08327243284833
-120.32505737792482,-126.6665578457467,-157.70868,-59.20169350398663
-222.86487392286537,-224.61108115858713,-279.79068,-240.74083095610044
427.76915438859214,425.2851703639584,375.3787,393.8647718885246
970.3864992366144,959.7116612967303,945.9614,900.4730594321362
-95.13871617787096,-92.99273784539884,-105.116875,-104.00458022440688
326.2648487598104,325.731691892773,342.34946,316.0080201931925
274.6524788759654,270.7757326520514,264.72543,257.2901624104279
277.97446107047824,279.10450498223304,294.0586,286.12180368212955
479.5903546578919,485.9947563018327,495.23816,478.84645933842313
494.4384765385136,490.1283116963383,453.72586,414.5354726657681
226.31435684328247,222.33267040501343,194.05785,216.25155054702762
374.23781965131343,364.9001704578408,402.93555,382.1690438833857
511.92880453312887,511.41545010598844,524.823,519.0917748615283
359.24528937708465,348.2754546365213,338.9106,363.9304895116495
43.4324760830358,48.54696305387341,33.090714,30.61437717383146
342.60099445866933,338.46486217341845,340.64636,350.42368924238446
718.5033266899376,719.8253393814553,718.17694,703.6669380982113
452.8124509217424,452.4491385968282,439.6148,441.62304751246137
361.6269685219192,362.2143695580255,360.31073,346.1252947060009
171.2055654113273,165.90182826093533,174.34511,163.84894339153422
65.88650102400824,60.51581954146283,65.286835,65.18502694813519
174.7275704716166,177.052691353521,184.47794,179.162772482543
283.50481184824935,283.64446419815164,273.9679,253.129760694955
-175.93936998344867,-174.56135779913438,-162.15898,-130.29138215214286
484.4384796992405,487.92393558997935,509.33652,471.631322810048
-231.10119437225103,-226.37260100026128,-238.48021,-247.40594137775318
256.92147888772314,261.77145726385464,267.72763,267.21487830223805
979.2384937806283,977.611824785715,942.57074,917.6005958609372
136.75379034369075,139.05513083249042,169.13303,139.96194401512835
723.5452923431084,724.7566135206905,763.2157,745.7942993352148
431.8584133836396,429.7334703475802,425.14243,440.38817928888386
794.2820577043285,803.1235730706461,814.38324,821.8320428814579
584.6043061795109,587.6859384348991,611.1882,586.7204312618874
33.47689825176545,24.524118109969663,30.09448,23.948015842823473
163.5273153842339,172.42879186388814,165.8105,180.51660786781966
140.10063754816176,138.40113507821218,136.51585,133.19525933835283
982.4388475008752,985.5777925767853,1005.7071,908.6908774498299
513.8186041066201,507.09493062203705,501.96112,550.9584202440456
950.0275164411876,950.0843898070334,971.12085,910.1186939602807
227.92563429031864,228.35277766173704,250.97493,236.92167320040997
605.7652202053962,602.6648211740944,605.9199,611.7103713039247
224.1803803980256,227.92305320374743,223.16682,225.01399049211483
-209.14977907979332,-206.4683786983477,-205.08374,-157.48799188184165
378.1671529442476,381.2227544695244,393.52985,392.1667770731248
74.94572799428835,75.92255341530043,52.171494,59.18957901904983
540.7144260908874,536.4929910590829,490.48367,428.09599549292165
624.014407249053,626.3847211792988,635.4131,664.9913875327939
546.3647367509619,538.3181972481043,535.63306,579.9276770452846
347.531282623563,351.5467691480061,345.02377,350.92148248911957
386.83449685350536,383.8361278106229,368.60886,321.75985572785277
446.3641734804701,441.1134398450128,416.23453,425.64966772061774
24.03423260187829,21.116195671878756,-3.2533734,20.099353605774066
1131.1772799871735,1127.7410185415802,1106.6171,1111.7306808287162
713.972121182467,719.4021540512658,711.2832,673.0535988018246
528.3446250137931,524.3525758437736,533.3743,549.7333217428336
562.9657195841615,561.471122841736,564.5494,551.2777721598154
537.5664788037153,545.3536282090986,533.59595,554.9239051953809
794.9132724417084,796.2595233284843,793.8428,806.3248706205852
363.4055599391072,359.0411658453229,344.96042,375.39739750046994
877.5181831163504,884.0873222628927,875.2489,844.8868780472243
-151.6494535094241,-149.4767164878656,-174.29538,-156.78574661941647
309.8904507655186,309.7861352890261,319.03485,306.56026400669236
110.3997520454193,106.20435017892316,120.64606,125.72379097356071
-312.4924390181535,-309.80777111715236,-289.12674,-243.476201640303
609.0205059973857,596.8994658488725,585.10364,595.8225551076126
593.4888892687999,594.4938441864857,642.097,646.0171675269152
149.7130250923293,146.02926305752746,171.88664,159.1204915015646
-65.78421010185261,-59.20019087985855,-50.997623,-21.79407955355379
427.5305656704601,424.3267717254682,416.09735,423.4050853717332
701.0199577203681,706.4220830141323,702.5503,723.0958524306418
467.6771040826112,470.03088939200245,490.24557,478.64813723323914
553.9920248546506,548.0986840646198,543.9267,563.0512547229533
-35.179224021365854,-39.15786189852014,-42.190144,-51.699531997230785
23.849164782264992,20.917970195458054,11.67159,2.4033772984957813
28.153521583023416,25.70033373840556,2.5039425,42.611009194279404
293.86209679960155,290.6100988010103,307.39215,295.3190692784289
654.1897541299229,659.3095441093025,673.9163,651.4939659573024
-172.95716792222564,-167.6729632110775,-158.79736,-174.5030597908317
432.9937688998757,431.15111726172665,427.96133,432.55655237223385
-248.1281442710552,-245.8835335881472,-220.57013,-228.26592979879211
562.5042614272265,571.7452872638537,539.8394,563.3692404952079
357.87357802916927,364.7750866588134,376.16144,373.94243568732304
273.48725499064284,273.73768325230606,269.32266,280.65662580042357
33.17794993714812,28.926831971930312,21.652218,-5.613370708872838
-19.5154737469532,-18.521357827592453,-20.337215,-16.86293225284038
-419.68598747026414,-413.3275732609935,-406.41595,-383.06706376350905
92.01566300757575,86.27677762158626,78.35089,81.53460793815906
-324.3563360076891,-325.6282122855298,-321.98862,-238.31871366215992
670.9012745004926,666.7937637953589,661.98895,683.604645960164
212.51580050991583,214.587426358615,266.62683,313.31545644769204
299.89223982348904,301.2121306688679,329.2713,323.73563827962477
113.91901710858184,113.86027042677944,106.84493,131.00355190150455
-207.0952356628906,-207.7262411254784,-200.77051,-199.43244837137854
200.2104005864348,197.0177506536728,197.17078,193.11614403912256
911.3882211293954,905.8917358221643,952.5804,980.9059035169073
806.7405680961978,807.7999209154773,840.685,818.541387704259
1073.8777732886588,1077.9910795155843,1064.3312,1021.6321109707762
225.7908737727555,224.99930467489747,202.7748,209.76230362854577
558.0775262057593,553.6521033670608,551.9343,548.4506799860561
191.05697261758272,192.3871178569679,170.81511,200.3275685380301
421.52658593951423,422.97961751319787,417.53323,409.17673135112886
-52.91589862293636,-48.88602184874662,-40.285866,-6.08557695960115
249.37808935978148,255.12168403576015,252.50061,256.20153349395855
481.1921477172359,479.080817069917,454.25876,480.38918863936505
