True,Lasso_Pred,XGB_Pred
3.6949133157202425,6.2847257090132995,6.5781293
5.007813164267693,6.9876981951957795,6.4515805
11.280646198359953,6.967737828831753,6.468625
-3.788085716441766,6.227506483761622,6.1241713
3.439673970614177,5.65723022902779,5.6216226
3.3532226856301492,6.661791376327238,6.4234138
13.102583710520658,8.026705918921422,6.846195
13.466270945168846,7.629830622324818,6.9686804
2.386740264372442,7.636542125706351,6.8091583
-4.778068998873616,8.107456745025402,6.8945327
1.1430207339017144,6.564306924330475,5.9915423
2.936160495219575,6.487344595031244,6.4491763
7.88606859445218,6.883057954382082,6.524612
3.682870593471523,6.152135819287044,6.2586694
-9.441929237940382,6.496168208518017,6.716089
7.3335608425508925,7.008331215927051,6.4473853
10.93359232366991,7.083107810770191,6.754419
10.059717714382373,6.4811109823473885,6.542243
10.855159150733348,6.79484682216434,6.49778
14.222193354765423,7.228118809444325,6.9580784
6.469047550567462,6.716376516180983,6.0266347
5.293348521938604,5.80398908638526,6.227318
6.7062743819243495,6.093171107656924,6.4939756
7.875533432045457,5.792874505803163,6.0422683
6.099623475030097,5.503008717264144,5.718541
12.406732378415654,7.003579776570818,6.772552
3.5152435437086087,7.030503978625969,6.212868
-3.182008567766415,6.807456295080716,6.6422906
9.905664479896284,6.91090063188709,6.3949857
12.451080964664303,6.397726031020348,6.4580574
-1.4985254181662508,5.621811322610542,5.4212217
4.070319834026627,6.143911938552973,6.51533
5.804164698213372,6.024485627527578,6.5784197
6.604553310578956,6.737448504467219,6.1002727
12.642115952677482,7.174761970937066,6.6671066
9.924999225403031,5.459057263839907,5.769276
6.262222863542763,7.03324922713568,6.8108554
-3.154947601593989,6.132484394138858,5.965941
-0.05384789342963625,5.74320486516828,6.4256124
0.020424010181984364,5.712676785989104,6.4461646
3.339980187683934,6.778095477879231,6.4344163
8.84367599222768,6.182188859079503,6.195978
13.26865864735285,6.416322932044288,6.5787325
12.930018047223705,6.1950364794571495,6.4295707
3.7125165942173592,6.974875896189732,6.5528154
8.10849515826168,6.611301146766755,6.638766
11.774834200829972,6.070777924246873,6.1908317
10.158029149174842,6.801993447794647,6.8257403
4.682560378527445,6.486106695476032,6.310001
3.1560746831727013,5.152476631271817,5.4819045
2.76614349292148,5.503944226889107,5.564058
5.860977212629011,5.2200767845774045,5.571151
-0.9658127392426055,5.775514688710433,6.383667
2.1600757717875827,5.503047615893323,6.434061
5.390992713709722,6.9722251789211755,6.8046265
8.03446201395433,7.5540389000376145,6.734811
-1.500145623481826,7.448258078433631,7.1819243
6.389728860111505,6.181317460061373,6.349651
-0.4331256686707805,4.548647340443933,5.621648
-3.268034903226031,5.496362862938941,6.000356
2.7119634776004617,5.855213933692441,5.692017
1.0968968433497226,6.555379012021263,6.771733
2.193679975673775,6.259060918671095,6.3878627
3.8970890831330567,6.55654580289729,6.106546
0.7223064877887309,6.685849648037956,6.6479845
0.18414847979082616,5.480293819249892,5.6901064
4.035486549551919,7.901035231066825,7.1008215
0.2399860803709517,6.153986212693839,5.5424438
6.470350468964222,8.294754367233633,7.3993535
8.421288508616357,7.107560962188412,6.837295
3.9215061871381747,6.9177530829953335,6.3993645
-0.12573725115817957,5.886710941343833,5.7935915
-2.060569595668908,6.5201278694020885,6.3539968
12.797271941572777,5.608680449024958,6.0296416
3.3621198709411413,6.07243289476071,6.588284
3.9931828811887553,6.231471243028639,6.3407545
0.6064941157016062,5.960630242945813,6.57342
8.540474181889865,7.1384217231483795,6.799983
1.2308196618708607,6.466256934320584,6.5051327
-1.1254488046422138,5.471211183409327,5.47917
14.370198801715759,5.917729012094981,6.4077992
-0.23522281646771326,6.6971142874314715,6.5281067
11.8117206031073,6.476438731952281,6.6099477
8.911326406484472,6.273774214589897,6.754761
6.618126838690473,5.483066331335819,6.1681476
6.349473232813363,6.699625764601084,6.270513
6.749345425598832,5.735067990793571,6.237577
14.604086801045597,5.525871936868605,5.5234585
1.0788139618927044,7.364889080604275,6.7180333
4.780353615312167,6.107642332757097,6.5961514
10.580961775147017,5.75642510719409,5.632073
0.6342605173264255,6.0593370420735315,6.378726
3.395014867322341,6.044581924081976,6.654708
5.119881371731907,5.826595630281305,6.5181036
-1.968356971500131,6.057761976668387,6.230194
9.309561352096388,7.003847894705095,6.2329335
11.126761190525151,7.104924861311507,6.958114
1.6242970502002994,5.941598585522868,6.373594
5.295328042895055,6.021860352233785,6.3003125
9.628610646251115,5.0318970701595935,6.178693
9.769060265555733,6.972595594995065,6.782765
3.2655558440371895,5.808609451722835,6.1983666
11.342818448900616,7.304506313767021,6.8736167
10.79290891561623,6.703567186017926,6.781529
9.392697306015974,6.557996642084745,6.9041915
9.440925984759838,7.009672542375809,6.9768867
-0.700435298085158,5.998722671013215,6.8622894
-1.1893118788622123,6.559102954581402,6.268101
9.497721666591124,7.3148756170749945,6.954369
9.074604486978615,5.939860012928097,6.6651707
12.532195770241149,7.058958788219564,6.9129887
7.695038360218737,6.242556422265746,6.165893
9.30615258931824,6.7668812026859175,6.527545
6.732539597079411,6.493154371571844,6.255675
12.868716176622721,7.196867712357042,6.6126356
11.960163372338357,5.59699206851721,6.045098
3.249070398967717,4.91717207655804,6.272134
2.5939164894444735,5.4706354034272495,5.437127
5.9959728946867195,5.3746034094799935,6.0775175
8.03376070708255,6.203573362660535,6.373029
3.0037973776097022,6.831601642115318,6.815345
10.964002263358566,6.56564584555863,6.410998
8.964806002211768,7.307800270094998,7.142216
15.270828681528632,5.820061184741934,6.1689215
0.054836569641516064,6.940040728769005,6.8081064
2.175803163684975,6.287085343926805,6.056021
5.103543687346097,6.362267047404665,6.5022187
6.311204948129363,7.981068346257337,7.2340717
-3.345675719384273,7.079120227257206,6.999156
2.6058843599729187,8.154739729005064,7.498974
0.3096570411521995,6.101283178671549,6.4858136
6.552473947908862,8.297089086099065,7.797023
-10.251262563394622,7.31835636610655,6.8248763
10.61891317508059,5.024574918567719,5.970666
8.359550220414775,5.791316753629152,6.1144576
4.0946432934335935,5.839076201605933,6.325817
3.204512207756411,6.777319123760578,6.5944247
1.892949727743118,5.270789449418958,6.067362
-2.2778947377712573,6.999801099409119,6.3961806
3.6736528788656275,6.897568389051651,6.9145074
6.4119214763426715,5.337675286461025,5.491227
0.2680808001193329,5.257490152073828,5.8460937
13.901733999015516,6.122124426543739,6.445003
3.945916776851272,6.916725803571149,6.7620125
10.708466142551266,5.6214225471454045,5.960013
14.903377520696864,7.371353467556594,6.523337
11.829654751975742,7.006396513963969,6.7414966
4.624030556209154,6.521715934642598,6.834667
2.0034875936402363,7.8263032140017,7.08805
3.807617946189647,6.356676166978281,6.0165925
7.845784496893322,6.735248062589118,6.353252
12.38590330134859,6.7721389639692005,6.5521436
-3.4990561876497743,5.258929077040947,6.106562
4.216485926812522,6.3137931838296035,5.9779778
11.206115822852336,6.511654893254596,6.7071214
13.217355036273506,6.855709840935284,6.326383
12.888344443314757,6.207812144695232,6.5431705
6.082592115650129,5.607516483017132,6.0676527
6.469772609091541,5.946311230420202,6.2300487
7.961477011455718,7.692702579832975,6.7396655
1.4464665900985225,5.332308483558645,5.6782255
4.566477029664587,7.200110392322173,6.777596
4.8009002697537415,5.570863455710901,5.134114
2.020013917036426,7.298786586192677,6.5465226
16.712105122729092,7.3420670108837,7.0630856
9.196275080959937,5.828302497965022,6.5061975
9.086957497230465,6.672667376621568,6.505774
-2.2916283058123,6.285875156738884,6.23639
12.466966170072428,7.62782646989049,7.133053
9.644917413519487,6.812373433651007,6.6799316
10.105201676425104,6.430080927770942,6.1686816
16.85803225977182,7.18368361206259,6.2733617
8.009789470441833,7.442076921695971,7.4015565
6.966119234926439,6.719114063455305,6.131085
11.279191009467837,6.474364394244395,6.524525
2.3949270881977576,7.405981764537034,6.6537027
-1.365459025717768,5.612434682203373,6.22118
5.3009775312661125,7.375305736232254,6.7659497
1.8217475390977573,5.495029348749405,5.957301
6.970000034922693,7.006145065689956,6.7725396
3.714046390397294,5.928211318856837,6.111277
5.675977493719484,6.0806473822314775,6.4927235
13.928755138748258,6.748895778848418,6.331939
4.040983765440677,6.7028798950610815,6.602915
-0.2978661805948253,6.456991854764885,6.722342
6.353911243400226,6.148545977677208,6.1455207
4.063322228043731,7.769953045907473,7.192226
5.048939852199659,4.992966827638012,5.660594
6.670586250226133,6.780393619309178,6.7042804
10.871884709219854,6.699621048850845,6.5999174
18.55686168135631,6.523068464985103,5.6413603
8.779508262110584,8.388111224370967,8.457679
12.58403508277494,6.808007299086732,6.8349295
14.715984126797,7.124382653748301,6.6686563
3.993064947495733,5.829903043221761,5.8741465
0.496496725606125,7.005387165161191,6.791182
4.24983258565502,7.174754101871002,6.5240602
0.4630347640047736,5.634702935389825,5.9253397
9.992263630489976,6.123506009768038,6.167333
8.35957116357868,7.214731218864601,7.285266
13.179934366748968,7.598540928212357,7.2239923
19.99026349760712,6.525078549299312,6.5871
0.677607743794816,5.527606694056938,5.9631643
10.998854848911417,6.942396085822331,6.578467
4.047503516646485,4.424378689213691,5.0985246
6.62519086996522,5.606771314798751,5.778154
4.2865818337547035,5.7144035896831245,6.3878818
6.70417910673558,6.393233734213353,5.920834
12.981189632044856,6.574153151620903,6.638782
15.764269417507144,6.082314355928988,6.1749344
0.19924981801576447,6.250946144121992,5.83858
10.931344131511207,5.542150005195,6.0907245
10.676930688141066,6.441556577679577,6.4877563
-2.4122631488251054,3.962469798419411,5.4080496
10.15343715926862,7.3949605271341525,7.0332007
3.7918881375973137,6.329484928042962,6.2963815
8.338226047156741,6.650864487438718,6.5531483
-1.0991790972136197,7.527797925129413,6.812884
9.721658990283947,6.457453809914495,6.648501
11.625022918852563,7.581007722905952,6.640297
4.622439244840061,6.566071588293697,6.056221
-1.6697219484876138,6.342465421697286,6.5102963
9.058501203858722,5.861095045860777,6.3148365
12.214507724456087,7.000047390689881,6.878431
8.505278070198946,6.79075112832623,6.8591404
11.326692421085884,5.560595227525802,5.8961444
-0.7687093644387675,5.76826564354232,6.036915
16.436232455687204,7.145246126633517,6.1836967
-2.0783309150103983,6.039877824837489,6.2131176
2.551981730721372,6.7785365213966084,6.437258
9.827745209016172,6.655394369395095,6.7426434
1.139917865393551,6.239223845558114,6.09949
5.429668964053373,5.640244264256449,5.770916
12.961227678952223,5.775636553804078,5.631032
6.7023939151710294,4.5113891096416,5.1810846
9.397537081996655,6.260360030178742,6.097407
7.027302217994514,6.118804161163241,6.5312843
9.262622287727167,7.229608608987475,7.0735655
4.3618147765956765,6.553075644946305,5.810689
7.802026075623576,6.498088834939684,6.715619
12.831770337548324,6.77296728665694,6.2883735
12.009411900484729,5.623957614790862,6.254056
6.248399595246255,6.603060821574247,6.6172543
6.056326605246971,6.870770510864512,6.7675424
16.409738885689045,6.596365733892387,6.58912
8.839068443670884,6.823631565746141,6.1450267
-4.5204622406135435,6.721009397810022,6.140592
4.6926753070150005,6.90675280799446,6.655366
3.4531332014883698,7.158959742936171,6.6944222
10.949445467774451,6.528787832030687,6.342649
5.004119089964252,5.37972861322338,5.953412
1.0791749970956035,6.425435503073721,6.2996693
3.8665957454906614,5.976940927507674,5.5720344
-0.46545466579774164,6.173805425638866,6.460655
0.6418557748160207,6.085486237394914,5.9939346
8.001992327873976,6.752157789113287,6.414903
-2.9868466471554402,6.652455831895756,6.440988
-2.112447431844724,6.871867151672745,6.500547
9.472584959249343,6.165861381360885,6.30504
5.624963302761278,5.190830059433656,6.0056086
7.611595173357825,5.485002901053409,5.7864394
6.773705340229878,5.305615623654569,5.9007564
9.319581756666864,6.685083033700156,6.7521944
0.8269060258813239,6.012654322658061,5.8999357
-5.79279830758915,6.9079657507885015,6.8225656
20.490964571046984,5.814751298823032,6.471191
10.751894730812458,7.491265968528383,7.420017
5.915802883057343,6.553111348869554,6.6577573
-0.7036882388865102,5.869302879298035,5.8989964
8.03963317635301,5.8454354054360795,6.1499157
12.369747261478572,6.386134946067088,6.6833305
3.6447004086655665,6.711048042670134,6.5810046
1.2378591810332695,6.9697247962307,6.367556
3.9331323287202915,5.659032642049068,6.0844655
-1.7102030310402379,7.498467410666608,6.879019
2.2198783377386704,6.318636960719362,6.3576612
3.267350469554793,7.3932121173433405,7.332575
9.399318119552355,6.514109167020845,6.779402
-3.0025081538730847,6.455782179936776,5.7192883
15.327886718087157,7.6194768597043465,7.2922254
1.012021529172844,5.498916483416903,5.322462
7.822479095146877,6.513052693590608,6.551472
13.79193775115429,6.707632938661155,6.157789
5.194001268495535,7.663015661233615,6.829743
21.547464856011178,6.8953737297565985,6.436676
8.94419048422655,6.596363558017629,6.625688
7.394373786371222,5.390833899873524,6.136348
7.078411924334806,6.842604881625486,6.5570164
-12.585379207565559,8.18979140736445,6.898361
3.9178135223630943,6.957038563999617,7.046763
9.670782605159017,5.805336096196377,6.2669725
10.847974757151107,6.496772837252372,6.367574
6.91539063526683,7.00762285026463,6.9427333
13.593198516719823,6.54115111898542,6.2238774
16.685101724888554,6.6652271472148685,6.682091
8.719449596053897,6.548721409417559,6.4469833
10.909767776514483,6.861903497238812,6.693781
4.4086317288132655,7.407366600439255,6.797698
5.88428173171987,7.097636089605587,6.578995
7.125649302095893,6.3671607611279715,6.6895533
7.914566804577057,5.9120073971429825,6.156424
0.006918090040880287,5.564810192623436,5.99013
5.123712738560956,7.00177962999267,6.722482
7.297799935255271,6.373455022075519,6.1602535
8.432448785262679,6.356697083429132,6.417635
9.633213813681632,5.1452272275320015,5.825658
6.389991586238164,6.3070140045764145,6.399176
1.7130417397791575,6.166921661837851,6.2935686
5.103096649651145,5.301639457946964,5.555196
9.821685301488465,6.1049596354188465,6.3793826
0.9015561070482603,5.042117087131061,5.924583
4.323883201170564,5.106686904424924,5.503415
8.939544076782381,4.460857268883997,5.6468897
0.5497876369366255,6.230396929272452,6.6349096
14.059204733654237,7.457851367266295,7.1077094
12.460459325979462,5.782507569983179,6.3822813
6.60222794217936,5.983915306314074,6.3379087
11.624299775002743,5.903069501296273,6.287192
5.649782132502276,6.745128567396821,6.622045
7.109114988061405,5.5464708606723265,5.4994144
14.130083118030417,6.227587965860896,6.2148037
3.948174877623356,7.258788864772977,6.5707994
7.2782217337798505,6.308943595683745,6.280594
3.334827764638248,6.657737626297059,6.658462
1.6229760009024043,4.656417269087372,5.3875146
0.8392587290382636,6.7902373594056735,6.064311
0.9523851154428353,6.819913937337486,6.438957
9.785754505601059,5.005809593629378,5.539296
5.406633159737595,6.417885621541111,6.154012
10.611025116961063,6.23728234514633,6.1278505
8.6416752310359,6.010244150751739,6.203825
3.948092957725142,6.4797037082569195,6.6846824
2.978944601260175,6.5949867094161245,6.5802073
10.07739171967827,6.793674657131457,6.5483537
5.196497372519593,5.501586784659015,6.1567087
-10.401067842085347,6.3120043948822895,6.468641
10.548737559558418,6.395747459594453,6.1424065
6.606627197499099,7.61604356863112,7.061414
4.528072231717854,6.157150975507306,6.487795
11.542691111648962,5.655384360929728,5.9635015
2.155472039692861,6.796663320259411,6.6423817
9.344580704855437,5.860625994306621,6.2264924
6.119552117939868,6.42483427037598,6.4495583
5.4232505600357594,6.0031004226350335,6.467161
8.646125961398592,6.524650227182623,6.49604
-3.277965902669397,6.2009330667017695,6.131094
11.263230606085768,7.066322581910717,6.73706
-2.0842239960692757,5.2268480309318335,5.557257
4.434544184656808,6.341187499040719,6.771947
3.754391150879757,5.79070016718877,5.785669
3.192799448275732,5.681979741358062,6.510692
5.652325503834709,6.424799626131004,6.4390693
8.68455540607846,6.556334663736661,6.328708
11.908981391861587,7.051022252146349,6.3867717
1.9381185791826487,6.466374528288589,6.5471683
-0.42911219924635446,6.384366646339509,6.6784496
15.468931415530662,5.630758595313195,6.331775
11.379612273807808,6.331228526277781,6.494762
-3.2395256242549477,5.398265451108058,6.3355117
12.538805967093946,6.068072633053142,6.2688084
12.336072028981622,7.447708960045933,6.99368
16.443394264771964,8.523920403878433,7.6089044
5.402915544798813,6.538984392724185,6.061791
3.04821971832188,6.161726816302666,6.2391624
16.027757812357617,6.176562619576643,6.096231
5.420073421444529,5.946273653432202,5.330193
7.6035932860343864,7.126703163592502,6.722456
6.987178008231246,5.691303516050549,5.954038
9.904759638200161,7.120661451452949,7.1503205
2.9923625406088785,6.810315737620735,6.468371
11.084587081382338,4.747612218987943,5.022059
-0.8056816904167547,6.937087255966291,6.8782444
3.770688753752795,6.889934779677776,6.871663
-2.714459288347336,5.815565185775501,5.9113536
4.024090049931852,4.9644063192791315,5.3246546
7.774457719015111,5.997198509105673,5.793519
9.060172534940607,6.260196074291277,6.673554
2.1596932920829386,5.595752511214322,6.0039
4.237356285391883,6.221321725833184,6.4160275
10.306404661437902,6.308220461944697,6.502568
8.17233654053528,6.421738315791528,6.3708625
7.515957827150505,5.959335572141122,6.3356586
-2.92357812092367,5.67296572928899,6.425208
6.178524480118551,5.705625434055349,6.1626706
13.758870343800364,6.8347149060814525,6.381295
10.766757593273185,6.989924950149735,6.742919
8.096294505598724,7.313486482512537,7.2255673
-0.21898755416449056,5.807679049981638,6.302068
9.39751995877845,6.85877299808751,6.964473
4.418221583454613,5.593162168131811,5.8738194
12.758098936442604,6.272239481411746,6.0554953
1.9323981994444441,7.026602535793194,6.662694
8.09160267182309,6.644626953654698,6.6043224
9.805099177813036,5.5383870663090295,5.942171
3.920788868664008,6.1699827636451126,6.5331793
14.576007049128927,7.235122670174323,6.9354873
1.266933815753407,5.4399310429069185,5.826904
4.99517498461846,6.6710964152119585,6.417199
6.053657753767439,6.292006359362111,6.504575
9.86010869463001,5.534597402998787,5.8156476
20.388781502372446,7.363153698437237,6.6270514
7.548411528093238,6.251131950224708,6.578529
9.660764147877916,7.71893921665804,7.242676
3.2430961704957224,6.4441544420266625,6.305955
9.427644375746244,6.252321848913328,6.299552
7.49215169980923,7.195985907426106,6.924983
2.485832081287577,6.051166283270182,5.884552
12.803685531852823,6.374713583247656,6.0915422
-1.5570314095359796,5.401825005008973,5.874746
6.235403659355789,6.150146277264001,6.3096895
3.024073166762994,6.153437286226698,6.080488
8.2082376207039,5.828390101119441,5.451434
0.3191668401346943,7.73002354982186,7.103865
1.3261936869087112,7.579459009792814,7.585979
9.34941507869167,4.844667314829371,5.3092413
3.3781890417848834,5.965162275519256,6.503558
1.5206671963626817,5.303505354221735,5.8061833
14.157704209109111,5.861051761338843,6.528891
14.477705877182341,7.01995906065071,6.672359
4.711223789575433,6.060218179175298,6.141585
2.1036347682839858,5.58226204504648,6.5707383
6.130167357027579,6.800243113163816,6.9281774
7.24906854335661,6.6439392613704555,6.1995687
6.442533981646734,6.893009027056107,6.823342
2.6253686148247226,5.910391036179277,6.013706
13.195273356204236,7.445345093435542,6.7486105
2.586871076228523,6.408913949066717,6.465104
1.6064240565385894,6.312449844675708,6.331185
7.029096134824963,5.297110663944359,5.389605
5.424481610777041,6.466477941281152,6.595355
16.814410179528632,7.197918933676702,7.050024
-2.451762502002465,5.786025696410601,6.3487616
1.262144215731822,6.383118227831737,6.110487
8.461070104415137,6.359060779420098,6.378474
-0.47178202984114126,6.156134463857358,6.4155636
11.661483773598418,6.614863350175946,6.241549
2.6127290155598946,5.822915013225302,5.928333
7.220672343021965,7.496039005329418,6.9675894
11.328961644719264,5.777970230132835,6.0482593
11.374659378748028,5.541328675077375,5.8373837
9.738078000985016,7.101877729819332,6.9493995
2.5776669756672295,5.5473432805380645,5.9161954
4.377214176094463,5.618429403773217,6.1958985
6.383181557323232,6.411139483523403,6.26719
2.1802836005219914,6.213215998677648,6.612338
7.899357346081099,7.178093518894328,6.8020763
9.090425521910419,6.709724695416164,6.867963
15.338969556909412,6.356294692400846,6.49637
6.3806306475735095,7.642585228927931,7.213131
10.65903093024356,5.662454598665222,5.888839
7.053315861177478,5.5253732258943895,5.9226537
5.554719942113559,6.6988789778271665,6.6931973
6.4648659561322015,5.995403514172162,5.726998
8.670022514086599,6.421340577676002,6.535808
0.9938804333463849,5.011960934745371,5.3763323
4.425274894474131,7.10139031523321,6.9414177
3.0637131506518918,6.875808398036629,6.5397706
9.423317276096917,6.746843926702839,6.6083145
12.204887908743034,5.628982284737736,6.0992765
18.967834819001677,6.907909852319308,7.0295687
5.98906644726844,5.771453044035949,5.7219653
1.335338235238467,6.277146303848011,6.2792563
2.9997842866793043,5.662196251602239,6.351611
10.110985754055712,5.461616559710936,5.8588195
-4.015783908683213,6.409645462787615,6.222091
7.300589241156939,6.9693135467586345,6.531212
9.280767984393595,6.50945253905738,6.537715
3.3709070231222573,6.0757274384938516,5.9547825
-3.7990249006176144,6.3926457056860055,6.425223
13.467611441828538,6.62274727660332,5.9662166
13.224271733399387,6.642111828500886,6.6344295
0.1640602005216012,5.661292804493042,6.3996387
9.005518034831429,6.017372983067727,6.0503516
6.068472367598325,7.499057866300577,6.895212
7.411577093027954,5.944082393396591,6.170641
10.868720873400779,6.621991131653796,6.50407
6.98526410002544,6.739707010356163,6.3164673
-1.3983389988251718,6.46051132495227,6.2997627
-0.3416147611036662,5.224735054441274,6.194358
5.739891932310293,6.480125259609728,6.3707066
7.733416786072805,7.371574686401523,6.6602454
11.96560842048659,6.743547371025126,6.8290725
7.8066400689421505,6.839324200416754,6.689574
3.4944623994208053,5.792376249804686,6.314019
6.724377432772686,6.180764459836749,6.6469083
17.40125809247865,7.6615404243158896,7.1092463
4.610749007233887,6.768166156051846,6.2015986
8.201494221249849,6.518453118722785,6.544785
-1.5615034452418701,5.513104832117226,6.2426815
0.6380687824944058,6.276983358400298,6.787187
5.920258231384376,6.584878656011275,5.710485
16.64295672776781,6.865786514100215,6.6193957
2.2795077986739964,5.6918971879330185,5.850802
9.269083529199795,6.9233865676042825,6.5432262
4.159148815762066,6.470794168062412,6.697038
2.9501798632038803,7.038447835803825,6.457518
3.6134344881371843,6.0207915926657085,6.3255634
7.176655385622907,7.6931080924700606,6.967654
0.023842035545549756,6.965214060912486,6.796795
12.17901633311785,6.555494181359332,6.440549
15.222474712315764,6.275212467561577,6.877055
19.020876241144663,5.904824102382629,5.9101896
-1.3254481869350245,5.884641788893851,6.231621
-2.659394729561299,6.352468537400817,6.1172237
4.160685734362474,6.845340216515672,6.9012256
3.060680222917026,7.357318104891951,7.0923724
3.228512243475725,6.930709192269219,6.797343
8.64647377545686,7.162044669523977,7.1464334
9.259109599058686,5.688735685444548,5.578195
10.181815895412072,4.590699027261755,5.5966306
7.811236965893007,7.15314844201265,6.497768
1.3341304757334624,6.666176629965114,6.957074
10.618636216563075,7.06402986013198,7.038065
9.307615995530263,5.512873746160597,6.0874233
-1.2843800549639237,7.022071600352417,6.558682
-1.166394979575049,6.599991917122333,7.03702
5.853449334707259,5.744192736319287,5.8199687
1.7738692180776283,6.16700470057975,6.284413
-1.0933380501591836,5.891542433620517,6.2160025
6.848293337885646,7.029486682075595,7.218408
10.489945630805561,7.09450958930932,7.187954
8.151808240337235,6.503709160177176,6.7583156
9.437633349831685,6.385118642820687,6.054656
15.541110887957657,7.1112548314317845,6.9803905
7.172738957340482,6.474226112205655,6.744571
1.2730139672561043,5.790091442795795,6.6889434
7.6588626557367245,6.927783389883162,6.696342
5.087424314820215,6.5083843205988146,5.936827
4.317525388742749,5.642571555042084,6.047318
6.61701754302484,5.685724181417828,5.881082
10.003241582153429,6.875242556046555,6.5947046
2.664682793954365,5.955528471652746,6.0982094
10.289533771190296,7.818653471840316,7.3615522
12.60255924362991,6.833262203751994,6.3749795
9.620157572580812,6.179635755022704,6.5217586
8.458301460621257,5.967398319729082,6.2527785
11.981100331121452,7.833134044064625,7.6069016
0.3822589243711896,6.894190142989622,6.720913
5.987077280171841,7.724369509338142,7.1926074
8.060563710177393,6.622996257541036,6.4805255
5.921826054950037,6.954304259355233,7.1799474
7.462163839650556,6.738248034331403,6.5215287
8.37116487397656,6.181410054236964,5.8619156
4.291898880504397,7.452976376168127,7.204601
13.5490803859165,7.175813903549989,6.888099
-2.2573142083612634,6.4258875287336545,6.638225
8.290060649041546,7.613281784502956,7.385214
1.2915809779796383,6.184343192555455,6.237355
2.3902185009552293,5.43411755131373,6.271254
13.345985605013436,6.581860952886602,6.5816216
4.830780640021903,7.1860148482515855,6.6077447
6.57713624937121,5.830736626288184,6.125722
0.8566602741773561,6.35023908044792,6.493848
4.464023355219381,7.263763562189986,6.8715596
11.259756773117822,6.7221684940229265,6.724317
9.705391877265463,5.59309954528924,5.7660556
7.052160116847133,6.568001985163022,6.0169454
6.663361748879706,6.197176946109818,6.51932
6.026531503249779,6.99662465902371,6.580449
-2.0412597531398307,5.083026503262241,5.7192698
10.10412252470929,5.938545655296639,6.211051
1.9963716597609897,5.797692789873522,5.9017386
2.628502913385277,5.895016721729064,6.506617
3.0324078900020353,5.8870809710377605,6.13098
8.594163572636274,6.693438195965019,6.3231134
10.596244663076629,6.377517625142106,6.3934493
3.762634565473859,4.942185761161913,6.013252
6.596341913588085,7.025682522295903,7.0130496
6.278119434348714,5.098866681044594,6.1295476
8.361781677878442,7.016746450191476,6.8956704
6.274184172497087,7.9833322035517815,7.731389
5.624289165991865,5.971714825950322,6.5107145
11.302653258456203,7.094724941503183,6.5897923
11.611347923802894,6.815696750519968,6.838824
4.156625193631049,6.740317393524454,6.4600744
4.916104367014578,6.552843765413133,6.765531
10.183643559566889,6.765797173569572,6.5475116
0.3143736335942702,6.03377975585957,6.424472
18.91920676860879,8.11073809394363,7.689041
10.296607700507504,6.710778813924755,6.5058517
6.689795926673364,6.23712647483441,6.434827
9.446511483196481,6.339895588412488,7.068413
6.28028080514971,5.510850470843044,6.258138
3.465830620666522,7.1444116001738776,7.2516713
10.528751864459542,7.377703567910549,6.3624225
8.359188944988608,5.900663894576043,5.3893914
5.183320979543122,6.290160490029526,6.4824023
8.112084600614711,6.072510924604584,6.095111
13.678817412037256,6.930276140386882,6.9053874
6.2533520925968125,7.33301269339703,6.089129
10.588621045871268,6.850809352036007,6.599306
9.070064009738498,6.410675406326106,6.2786317
1.5065323268081476,7.042397760913661,7.0150967
13.175518727744643,7.115817405082191,6.91695
5.381187514670602,7.223970630640028,6.8719654
8.489213718713595,7.074991787306825,6.70872
4.877943900533197,6.719677925954644,6.6170373
5.9315201869012615,4.805009303335222,5.3459644
2.548988013551978,6.652321550180647,6.211161
3.258452145455572,7.515470601471055,6.6428256
12.269585619945385,7.367992389224087,6.5859814
5.2124377311842505,6.436733720146909,6.343479
8.970841890307959,5.914344250120241,6.4367623
0.18923349541441947,5.914183614506583,5.8879247
13.260694134165893,7.028201954953099,7.114291
2.7658429582696797,7.498731208660227,7.013015
2.4729224254595623,6.685385332721887,6.4346437
5.304841808159132,7.162925202651871,6.0316844
3.0918567667568704,5.711663414178168,5.8872805
6.122451846645875,8.308699192781535,8.069758
-2.2041255135531426,6.260963930512242,6.814356
14.326395959431764,7.0296166567268354,6.767408
5.391666933814802,7.082968252876661,6.483362
7.469894143402596,7.444153315419303,6.583136
6.937820710690005,7.63410784235037,7.0668797
2.241580278476211,5.918758754375904,5.8200474
8.51535059135281,6.304125203230145,6.450751
7.057941843294923,6.086596484712135,6.259048
3.5690516604859175,5.867288075471551,6.2421036
7.068412160386888,7.313423767061079,7.123797
2.7501960303193997,5.696322110631038,6.243634
12.039559630874253,7.334638705114312,6.9963975
5.823484697165517,6.058768623763136,6.070144
4.498093054862482,7.408174678268482,7.230362
15.85658824147307,6.1348504339051,6.134435
9.244137589027762,5.704305133884787,6.1985316
6.842247702261647,5.112344390630586,5.1388054
7.1219665379721615,7.9724958972915925,7.080293
-1.3773710707690014,6.7394953784337135,6.654932
-0.3120564809718811,6.597193324109315,6.1994305
3.3220687361901162,5.904147614985021,5.8449755
9.712744822846767,5.02766933037055,5.6613936
5.010114209689097,6.228132935694787,5.9966693
6.694253006973186,6.427251863894063,6.891665
4.1575912246988445,6.567791706393555,6.698639
5.51740773842066,5.874142109543519,5.8548803
16.836063775132278,7.319781829638089,6.7858863
7.433246286215017,6.499086184097818,6.419253
8.964501043722771,7.9477361996016995,6.7419343
8.078477224916844,7.181605574870221,6.790507
0.5158658582243634,6.408632858608402,6.376536
16.27954002798715,6.72023480643332,6.561001
-1.2448520924802944,6.22371940392444,6.3186994
5.032408980901196,7.297957159847282,6.844027
1.3011977500352057,6.273258959597948,6.4868193
1.823388052858034,6.414923685838356,6.2247567
6.6325994636831185,6.841053174008557,7.0774093
10.394983759591007,7.613645289498839,6.6704874
4.1597778869325035,4.908032812721489,5.251757
5.285166713599139,6.228802774039425,6.4349895
9.12198100757274,7.525517485973202,6.9940653
6.255670394957866,6.597329099362856,6.3184137
9.795269941865755,6.122263502043649,6.121043
-0.2041782491784776,6.468772899486092,6.550426
0.28384614979909895,6.1825737919324135,6.2787743
1.8402303290789375,6.275262215141398,6.4130025
10.362640844518225,4.053779287060774,5.3257527
13.045000610709126,6.596754628771673,6.336144
7.199104869550002,6.3101139801800175,6.441968
1.7502047011737094,6.534252720586869,6.758664
5.846539284405573,7.146558471164168,6.9862094
0.20637008526114275,7.062390066200684,6.918271
7.626826111056181,7.214328913410456,6.69164
16.65601412997579,7.985573756263008,6.934129
6.8739729518034505,5.436681098697963,5.4269023
5.382514900683216,6.875680965100301,6.9905844
4.99050715268428,6.952435762523455,6.9289093
5.949553722241496,7.094131154150363,6.54998
7.326692859805831,6.448269094311726,6.275927
2.559668957335201,4.964011520495687,5.515147
6.716701096776223,6.416027614344033,6.630169
5.3418645009830605,6.350469914783938,6.404936
10.625404813912613,7.752066635946252,7.5308547
9.365377911505181,6.14176734168361,6.131443
6.481204370302419,6.063698963482242,6.3065395
1.6646967964496788,6.96180082179319,6.756715
2.7584672162244264,6.21133161786545,6.3479505
3.297945742587945,6.009177299262067,5.9627686
3.62949280372863,5.716389854129001,6.074097
-0.20050415343505135,4.3582225967874155,5.33241
12.128153977405605,5.608950462899659,6.298912
12.047449079036802,6.056667604872186,6.1104
0.773450711593406,7.482635435750775,7.1902184
-2.198115167873331,6.594431959206214,6.509818
-4.1164227398396545,4.466579228878148,5.3931475
1.620655975609198,6.822588339738085,6.971232
8.508507285348188,5.807603554285882,5.3991075
4.008654772160215,6.586140108704965,6.7428727
-3.575527409443831,6.19268342664231,6.2273083
11.880446893660281,7.168953090755691,6.701511
9.14975070000376,4.89083865527135,5.4706564
2.400041347040519,7.168288869229962,6.678528
7.076248104892335,7.173603295019235,6.324441
6.04585742319804,6.896330463361082,6.662512
8.462698779905276,6.613691440538788,6.707371
7.4000232893215685,7.643790865293298,6.989298
11.604324004435771,5.413918732027904,5.977805
9.166916586335205,6.201249434218044,6.6130033
7.89371967552912,5.387310771783089,5.8554196
15.377806973370683,5.819802111598031,5.952885
4.561913545363927,6.3753043699495935,6.527713
7.906305909920776,7.596834982578824,6.6017437
9.728692737488387,6.2358114663791495,6.221367
6.001707766030137,6.588228469510795,6.544483
0.05843251101071001,6.377895776872858,6.8089466
7.724938067711815,4.679971169064558,6.137701
10.611850943291577,5.9214829729429805,6.271366
16.507663826575502,7.082791312375081,6.9176555
6.178509838824184,5.275801441771423,5.9730997
16.449596970567995,6.363191655360661,6.5121646
1.200352095144777,6.225500100845803,6.424599
11.256554761073433,7.0995939482907495,6.2384253
3.991996603232163,5.842101202830455,6.017938
6.8606952971215724,6.268440083620607,6.4927506
3.955593974985108,5.7409726086989625,5.8960505
13.954751334856557,6.6320497373472485,6.86287
11.202894882806593,5.606026900360083,6.030639
4.042117926944572,6.465775102815038,6.169739
6.286156787010883,6.760966026095419,6.531972
5.273175756993867,5.380466352264982,5.852359
1.4302657305068838,6.201529740470839,6.0679417
3.003671180645411,6.005547255667809,6.2388177
0.7037735967584657,6.359794199607906,6.098652
7.599900582420528,6.850577375366536,6.9583344
1.8756830235832822,4.668483258986954,5.43489
3.001605065856803,4.691280353228315,5.5443425
9.897860785887524,7.182644135058238,6.7698956
-3.419535749739996,5.352933156942373,6.1798763
4.252328546160827,6.812964857577589,6.6469827
15.677576453041025,6.665717999060255,6.1720552
-3.2800302800835244,5.2774830609496615,5.541022
8.57064131288178,6.705294281203433,6.468213
1.222297809564957,5.6709696563830025,5.931895
13.713439244012086,7.342276219560466,7.35946
8.41848055081972,8.34743553026748,7.4833193
6.0751640708820265,5.8775010661014075,5.3916206
9.38364910189855,6.181662999754722,6.463708
4.4176885014578735,7.175521968969731,7.079267
4.4517409349424355,5.730549230819168,6.255039
0.5849962811104699,4.662593098047106,5.153381
5.80670619059924,6.194560326827514,6.029877
11.530086248149342,6.513876266275556,6.602933
2.79335220889848,5.762977671983706,5.964168
16.21592864038918,7.7493981813600055,7.1849947
2.3819035995502484,6.399830476668735,6.51501
7.7889510666732855,6.077316894779507,6.152732
9.508782666087695,4.873601356315703,5.4924436
9.37653638732625,6.229828303857063,6.7212396
9.48785998411049,6.574509657792741,6.6414285
1.369037215178932,6.637493117556934,6.530406
12.390269947359792,7.573783049501041,6.787009
7.532954937069302,6.1229859530325506,5.8253655
-0.8836020313333552,6.974284013051156,6.856289
4.883856217505713,6.008420943608573,6.3763175
10.221937669912993,6.535133113639412,6.0182853
-1.200087032306687,6.223827102807302,6.5652237
5.906961305818463,6.453174805147699,6.4921436
6.400315838383839,6.744678307326037,6.705709
11.11258603625576,5.728627832134484,6.410167
5.632680289893387,6.749767982593594,6.2230754
17.926029001531624,5.770266298309334,5.882839
4.280586564749903,6.02909020476882,5.8416963
11.056889139527401,6.567161361884684,6.6070695
0.773094939467617,6.639667300780436,5.931023
11.565185778706622,7.595073821785325,7.242855
-0.43746608174501667,5.516618575441027,6.332966
2.888482650491165,5.931422649644002,5.764679
13.874072842439867,7.142070484376594,6.826583
11.279466482385864,6.277660082754435,6.322955
9.559056646042215,6.326661374016732,5.943817
9.693777071928444,6.241272752891294,6.368301
9.85684681009394,6.333594880076901,6.238758
2.7772835810830383,7.079214379668591,7.126684
2.2215535984689705,6.498142141803558,5.8053718
7.612621399057993,6.4612638503300825,6.5340605
4.615180854175934,6.289935330283394,6.2800426
-4.073009828579198,6.286578646039232,6.322828
0.18796259014127426,6.4917055224732385,5.9582195
6.305192750629294,6.376877748139241,6.8062315
10.485343985753765,5.805642683536494,6.257842
5.46974124297722,6.227632057390387,6.0936127
0.8248153367584541,6.428375039069383,6.345611
13.051733837052208,7.229806895263087,6.764426
9.433443941864414,6.933161690496169,6.585611
10.310020124215928,6.582495195723179,6.080125
5.179087730044065,7.090192299663346,6.75213
5.315690082108585,5.6867853336639085,6.3060765
6.140787676226317,5.954944374346297,6.061304
7.136665921595742,6.033675251476887,6.398389
8.04843467460149,5.002903609086582,5.4746556
12.44706480459115,7.012117869967232,6.6277556
4.0886695025142625,6.204503352220426,6.5773344
1.7306911723444172,6.863120871431937,6.694393
6.504600926742157,5.945783469722256,6.185611
11.830265627931636,7.655786704188452,7.217562
4.683354766450199,5.985555224175272,5.957895
2.917826021355472,5.312822621974564,5.4734044
2.0234480610641943,6.110883704019997,6.242529
-0.9030545513146988,4.996383073399849,5.5853515
8.304575967525203,6.735549499595868,6.078382
13.978804580872415,7.377699863802387,6.9308624
-2.595313230863404,5.838509143040449,6.2465124
1.0053148019715006,5.647367585032974,6.271153
6.7917926951794385,7.216351337470935,6.669164
10.526529274603904,6.4798193349842474,6.0363426
7.704132916408052,7.215297126421349,6.6967444
10.50095931345962,7.329673158713198,6.8334513
4.182198077476199,7.177006859818667,6.561838
9.298843764086646,6.016706770003369,6.5049276
12.913679910962227,6.512603015227784,6.643244
4.481182320201704,5.1787904215184,5.872067
7.689077619074151,5.995883628943225,6.339766
6.015181310135102,5.791851922718683,5.895242
8.130842428872263,7.13474331662329,6.6602855
0.5522509687443549,6.426997282092948,6.721792
0.9016425682999065,5.5957988857285486,6.207283
4.16242262784352,6.990695850492542,6.503648
12.304776736109943,6.7297367643583765,6.4977775
8.909683481308933,7.068984997770341,6.7120194
1.614971763689077,5.872508994265719,6.160247
9.41955503980365,7.064945042333372,6.8091917
7.308451529768785,4.672787251087225,5.585502
5.2009023847627365,5.292326031052638,5.638111
6.174834382535344,6.180679437872922,6.5488815
14.670961662367946,7.319477620888405,6.698021
10.957668578339735,6.893986567646635,6.5531507
4.473048136825055,7.02862654881998,7.3252134
15.833421359902669,5.26368420705942,5.8978415
13.99124897954109,7.16529721751818,6.9730124
7.428666310404823,6.872839841691665,6.32981
1.591457501577362,5.656985517273759,5.8659096
9.333453418110047,6.0936510328820335,6.312826
5.304507483772411,6.080349288882531,6.255746
5.695108172184936,6.373964920554223,6.4570894
11.08760731009789,8.106011093011006,7.5749865
5.635212204210272,7.362894094124109,6.9747877
16.647026713633053,5.0880639150111655,5.3675675
14.070654161320546,5.967753843328113,6.341924
15.816030298050912,5.317376010671526,5.764563
5.395459841786511,6.057447435295435,6.2044196
-1.4759023710698216,5.992531201682594,6.1823387
1.4547682364201453,5.991112350214843,6.2112393
8.392776859214091,6.427767010543386,6.191906
3.3569974549074866,6.8404214874150515,6.502945
7.268982062181202,5.0577719745036305,5.6819854
5.17354684053629,6.7545019689989685,6.472752
5.488735433672965,6.327149020536409,6.3469467
3.906741395921242,6.0161812453947565,6.656645
4.732890180624194,5.7973930691612825,6.2030745
4.089851051079348,6.016413539221351,6.2537885
6.163790488986807,5.693321403734382,5.7760353
2.554982663916216,6.5830073432334855,6.7253075
8.293369856614262,6.418790948598893,6.5566483
2.832104394607402,5.319088001095441,5.399403
7.780344545499992,7.068120993121915,6.698492
8.127917955538116,6.852753143903138,7.044715
14.111444313045425,5.902035431974675,6.3691893
8.093162052773492,5.393109829596467,5.893547
4.656569392884179,6.856563249404643,6.9678073
4.669434554968545,6.315705581984561,6.2973537
-1.0332435917211225,4.963831565175338,5.4738765
9.424199624120785,5.273601868586857,6.2204247
-3.41985314815651,7.0320621456727315,7.20175
5.95723617060812,7.02014627375562,6.8396363
14.03215813323731,6.617425937298404,6.287449
7.367545694365108,6.4678737356537175,6.2005186
7.452764209246578,5.164901724302573,5.62592
6.347481136720415,6.49342861257716,6.3406935
17.48239772249306,6.334258361417452,6.7468753
1.9171966700365033,6.774052251527693,6.6519203
8.655191810067734,5.82347388323701,6.436143
-0.3009311866211881,6.324924484710935,6.343922
8.028348564409434,6.329889801883099,6.3521175
6.875267608204002,6.3490228403190905,6.3477416
2.7925668808287236,6.982362476935919,6.197824
3.814807816935141,6.650836649587026,6.573695
15.846939952235212,7.826848406583371,6.9755263
-1.2051453775874155,6.826837819013901,6.621327
-4.625640427489679,5.209554827617235,5.4864535
4.09062436960418,6.453219467677819,6.646727
-1.9679554647098767,5.2792775901044395,5.362468
7.560857238460902,4.728112376134531,5.7005067
6.173532851087732,5.83567465350972,5.753651
10.812564386496678,6.257554794967298,6.4955773
1.9924091677865454,5.597859132075319,6.3118024
7.7264703900953045,7.185181284095454,7.011246
3.4608841872004,7.501451383791787,7.2796335
8.863313953033167,5.497315132894728,5.8553586
3.802463942386833,7.221759056467084,7.0971184
10.080604560166837,6.2399763386946825,6.414116
4.966219837711698,6.481045745020929,6.423872
13.17946212184621,7.868912053043882,7.016077
7.0770327874715395,5.422847877332282,5.6729283
2.4747618904870636,6.20356365783356,6.4508243
8.140681344895153,5.049606907357235,5.500087
3.178786175734593,6.642234457555494,6.591349
3.073181559192,5.674954587976986,6.4032745
7.659266090397835,7.994010389418985,7.228882
7.653912686035407,7.216698001358332,6.706601
5.205540817375853,6.505958184170271,6.3984895
16.284549959083698,6.214410127507554,6.0208125
1.9487655140254603,6.167879977793605,6.26115
13.953652143832421,5.619305002790327,5.958733
7.5575686444132355,6.384493683504084,6.7104397
4.309915373369279,5.971245585450047,6.0851574
0.34985277466171283,5.460765185167,6.2148046
5.301548144508069,6.634265450484561,6.79829
16.369654140151663,6.226297096246377,6.1958356
9.041384197285424,6.773335462978011,6.3072133
-0.9030108522833835,6.531983301952677,6.1588554
8.1243143276203,6.636831565733101,6.654357
7.335714251343681,6.446506777311782,6.6838694
5.457208886267329,6.174133451752531,6.6940393
6.0299742380591805,6.873766899737925,6.860774
15.582361878777668,8.013642461672108,7.043359
13.309254328224128,6.8621093172942,6.7378664
3.555970660564299,7.526081123037773,7.1987042
-3.171595521538131,5.745489653579996,6.147392
12.437608085321559,7.829700583092551,7.109361
7.98964546861775,7.5234810671014145,7.4801936
9.174352864634312,6.280858796349131,6.7838745
5.107659065520003,5.339768283305093,5.511013
4.849875003367682,5.433162332371175,5.8128643
14.007849079460227,6.218409990764765,6.5177555
7.203378646762834,5.808442232999065,6.193016
8.737645462753592,6.640872755036,6.721137
6.162563186146395,6.687644166268827,6.723455
8.621788566743822,7.01639023178626,6.639188
-0.1470635296049263,5.688460132951797,6.4442043
3.454496964190791,6.779497964829346,6.4427457
10.61307867711204,5.783544470865667,6.396131
5.573114332300586,6.332060760336539,6.518245
8.850484596530388,6.80963735386768,6.1996903
3.025598748211163,7.00722197838299,6.8427863
5.359531223536247,6.39426229622646,6.0740876
9.796761268818067,5.647700677910805,5.580514
7.5384243414724255,7.099140921166507,6.7291384
9.06655388067362,6.784400302071703,6.554867
3.8888037714759256,4.877424325723695,5.7212276
6.874330345252062,6.39503065818206,6.4524035
14.136290888779214,7.106556632346708,6.8763924
8.188838342139693,6.4289444950482535,6.609373
18.822673865773446,7.409357517889132,6.9282722
0.4518261299780466,6.810171635227711,6.5675707
-0.5184269529679675,8.32628776095278,7.4792647
10.536955986205422,6.150171945001768,6.129381
8.356333780138364,6.054654958627804,6.226406
10.633042955091119,6.916468054709076,6.7650857
1.235018140541988,6.46583070249984,6.3019824
4.356090780185807,4.819041303672153,5.700657
3.456965950301238,6.467099862664998,5.6617613
5.434220978369954,5.052714391501596,5.5173783
8.639746139358595,6.458625904855985,6.2948804
3.3703288715291544,5.703725562172671,6.1258154
15.088137919935248,7.0860381129968415,6.711234
13.225369306275631,5.394438152704986,5.8614817
5.296161480277146,7.156019581062491,6.7349415
10.742695550940514,6.305104134297757,6.574618
5.774371324474579,6.3819700485101585,6.3558483
7.141223091570345,6.1833061910673095,6.3585725
0.29570278575782805,6.875140154509041,6.5643764
7.460756417028447,6.685236431249191,6.361999
3.942779693147086,6.785450721694323,6.0977664
7.300221201474534,5.626426806122483,5.77049
4.302407317238925,5.615669690293615,6.216823
18.883220951906786,6.246813823794744,6.4723883
8.941223476527846,5.340858947117978,5.3930717
4.165252101907216,6.0328387180989855,6.1514955
10.615811866443824,6.800421856864708,6.7756763
5.555943108571731,5.6424474994422145,6.1285067
3.5156331779364582,5.741151240936922,6.209103
2.5416443071900323,6.795502515909451,6.367683
6.371860754464773,7.439643599336884,7.4358892
13.4075729172005,6.199947026825406,6.342256
15.647913693224613,6.9873971603903815,6.8823805
7.20697580435389,5.872145777820014,6.3313017
7.7224201593075374,4.860903795220696,5.076932
-3.176830996488799,4.681356227344411,5.0189776
6.095070212641664,6.330543000404507,6.6392365
6.9035572047338425,6.140029882681804,6.2481947
7.489408186188239,6.660403367567135,6.376744
8.809330010239421,6.36856300404591,6.5540957
15.029416728255947,7.397690512902423,7.0012803
2.0149645686531796,7.492772339294041,6.9797564
1.197542050009294,6.278757343280514,6.5457253
8.177986768277323,6.114172563001123,6.416581
-6.404427981414551,6.454309704634548,6.793213
8.461961944085727,6.257484473966084,6.414405
3.860668812113907,6.41287593288436,6.184298
2.230667494418694,7.209514338771344,7.193598
5.291323691012635,5.453269747033513,6.241106
-0.0223595515558781,5.754890544928307,6.084915
-4.534649362690901,6.169100425306427,6.0731277
8.373259891709107,6.4918710867992555,6.4485555
10.28024503805106,7.116644401506706,6.601183
6.016804731722867,6.783329287805026,6.1569343
-5.885131564744976,5.6494535892663755,6.11158
9.873873400513684,5.675669093250454,5.9530754
8.456843332352426,6.5503421734790575,6.5415063
-0.40354855901750586,6.392157892088646,6.6576724
