Sample_ID,Working_Memory
0,392.9093726868821
1,750.1820720304607
2,178.8552936729422
3,456.00905939731365
4,-512.5118027220637
5,358.2008043420978
6,508.89934240777285
7,30.17479607370746
8,641.7763870009827
9,-238.17045767664146
10,551.5294160124124
11,424.7875537233442
12,627.2962376573399
13,141.78422279092558
14,-144.283255821116
15,-65.830591609541
16,-52.321320119873995
17,532.6350702742037
18,174.7275704716166
19,65.25095631169938
20,-292.38690443458825
21,179.3787593737704
22,-154.38143796300443
23,337.84028161702327
24,453.6001303686513
25,23.134703529443684
26,1195.9569602539896
27,367.36250486829147
28,783.3581886339404
29,392.89593061711184
30,593.452001885351
31,431.85841338363963
32,332.57879018073834
33,727.7827580685614
34,664.1171397326482
35,564.7746615715912
36,305.24545539827244
37,607.3293375973567
38,510.47665649965506
39,356.24495343367596
40,116.83819159661614
41,224.576822294059
42,1009.3670767897318
43,498.45476324433713
44,543.3894202855386
45,290.4288134649513
46,200.69362483192663
47,595.3719285211176
48,347.531282623563
49,-54.47947856996884
50,184.17586001880443
51,76.1626974990052
52,-49.011295676194564
53,651.2948726910753
54,479.5903546578919
55,846.63854231036
56,58.534725541497856
57,288.405282302515
58,547.9910084841895
59,502.84098841836254
60,480.4245981552924
61,417.39631823986946
62,486.6667379912892
63,175.54216355942907
64,554.9458100512325
65,-100.57411935796618
66,185.66952941103443
67,848.8089965313927
68,99.61836278428459
69,539.881697786461
70,74.46986762910407
71,620.4297821471844
72,287.25928650254684
73,372.01718822954524
74,721.707095239593
75,139.39806773534735
76,-495.217796248206
77,547.466734382376
78,554.2490590105075
79,557.6623300470692
80,562.7554007901465
81,262.50695253149695
82,-367.1067597457779
83,546.3647367509619
84,27.10327471254518
85,285.4268719573936
86,970.3864992366144
87,681.5260261647807
88,-247.77534977788008
89,1071.1449567532377
90,284.73904995019734
91,12.053308177513822
92,837.4523962959399
93,86.78748028452932
94,583.2503647198384
95,-188.0539484202966
96,472.10414095062856
97,359.595527286464
98,124.31283958099729
99,598.6872333200268
100,221.19407948890773
101,107.12880623259504
102,-16.58405731238595
103,279.6499523747963
104,615.343817813515
105,148.68813810675587
106,504.7733351589853
107,300.6210892344174
108,23.225152029964335
109,319.89144674539943
110,457.46748254705284
111,524.5140736856711
112,497.59101589848757
113,359.24528937708465
114,-103.52669652457827
115,659.0165375113619
116,-77.66698514540647
117,528.5382243942344
118,630.3529928819789
119,-222.5524859093655
120,467.12580660030005
121,-50.192424702377394
122,482.58933086977646
123,-97.22592796805323
124,162.93078888568118
125,186.79703549082407
126,244.01477645323254
127,196.84171898858847
128,312.2091122321055
129,544.0883905148438
130,549.1199145496605
131,600.7799306090794
132,628.5949996296845
133,228.91638800855503
134,195.6567683471999
135,577.2640066495528
136,44.06217139637109
137,462.0943868403909
138,280.39141135079404
139,389.16702532256846
140,835.3153452736979
141,-16.75439202926547
142,533.0655856385799
143,-100.38994758115919
144,-298.6993297518249
145,735.416640252676
146,649.0252277489247
147,74.94572799428835
148,258.89641485067597
149,140.21844785773388
150,700.0606113231747
151,13.059893501370192
152,455.9448134856524
153,284.53704221928115
154,453.7043253738326
155,446.36417348047013
156,1080.458359867051
157,311.52902578518274
158,636.4036084439786
159,340.84910395051014
160,216.50871673436927
161,424.9175882158575
162,478.7617008678667
163,540.1049475952584
164,216.2485111956855
165,197.53945233612026
166,-191.86267076727708
167,801.0717589592479
168,216.32945354276745
169,-57.990510142026025
170,1020.8621212556156
171,-252.68373126124015
172,-281.5383419815095
173,353.1319364116045
174,452.81245092174237
175,789.3497901945111
176,7.166699783011678
177,-120.32505737792482
178,36.55189995239269
179,877.5181831163504
180,813.1244201636691
181,670.9012745004926
182,370.71200063843787
183,118.90922694883712
184,257.040331460765
185,301.00071833292225
186,-493.5140212557898
187,153.0677833559549
188,1033.6267628416574
189,471.76636500809434
190,-54.491861158933524
191,467.68368072383083
192,533.1764037948475
193,-15.501079892691124
194,357.14554201678277
195,411.290628347408
196,591.4370172619983
197,281.6146238710683
198,351.92563083398085
199,-76.13124285394167
200,367.84002172681903
201,614.2718015956484
202,-16.984949811815937
203,-65.89395290445329
204,202.021506501224
205,-9.880989624942746
206,369.5428620690238
207,29.480839591465454
208,-225.43909342971222
209,-170.99583979376456
210,208.63292681137023
211,177.2275959030944
212,159.9658120985438
213,275.81624525569475
214,163.5273153842339
215,588.7937089021027
216,207.15696790459845
217,1034.5744960879406
218,616.8005583933656
219,1002.8306249730497
220,1018.9209730860488
221,511.92880453312887
222,401.7799016914729
223,8.59265989808286
224,869.4222759965953
225,594.4123234656345
226,348.6980328534767
227,-303.9377969917125
228,802.8673454769693
229,180.96292102911352
230,233.29397727988254
231,203.3676323533816
232,848.6019083728207
233,1000.1693907830056
234,-63.63305912780005
235,81.19524392309606
236,532.3995089531084
237,-283.4611043873899
238,703.7710393936386
239,257.4481125923266
240,683.0886648795323
241,-20.570678355091008
242,585.1389292242566
243,28.153521583023416
244,93.42371965741938
245,831.6201732635684
246,153.41765376616365
247,52.540835621893024
248,211.66615331934617
249,194.14753336538146
250,471.89314247357146
251,0.8116039668685824
252,200.48909141797822
253,-75.6830230516698
254,499.4672165425219
255,411.2808579008482
256,709.6643756503987
257,535.2049000258495
258,502.7727280690205
259,342.64067914428904
260,479.77302462289856
261,303.46719133164345
262,138.5967718006609
263,94.29168846668334
264,310.920278900287
265,437.3895452275551
266,72.96970103216084
267,323.3928100633027
268,355.9306198492732
269,190.47381749388808
270,105.76400875799793
271,1105.5638189181982
272,-55.021092918746774
273,-466.2396404790101
274,190.59658441062638
275,439.26777129165947
276,460.8689206003312
277,444.3235385253795
278,880.0000920641111
279,375.04790827876786
280,721.3890818035635
281,820.7660077485937
282,-187.46420057597751
283,78.01390015859867
284,476.12598368745233
285,484.4384796992405
286,82.7114046268363
287,192.51467573686324
288,511.5378160023077
289,1005.4601156515873
290,26.88874972402199
291,-562.6257516166212
292,376.23634346031497
293,-96.83278065744689
294,35.369895071986825
295,17.342135815407485
296,558.0775262057593
297,285.7358529617369
298,477.1378479251622
299,126.77267220379943
300,141.91219587784272
301,-287.12543256233215
302,682.4837059501807
303,28.894733626511105
304,200.18843562300978
305,668.0364849802679
306,-144.52388317970033
307,139.8635660311344
308,273.48725499064284
309,884.3853737544512
310,773.4437106622635
311,-252.6282950912777
312,432.9937688998757
313,-335.71747001274036
314,334.51308931014336
315,-137.43302929405598
316,875.7791239500734
317,195.07134131009852
318,645.817257829326
319,515.2330477645128
320,-42.79933885853016
321,129.98708289093236
322,315.8277197799248
323,760.3486085050057
324,224.16140908017493
325,105.02221829833498
326,982.4388475008751
327,570.8870901182303
328,581.1507243324339
329,-130.44298311159596
330,-231.7392913959789
331,683.0785236457592
332,590.8031294156591
333,-96.78624535344665
334,-116.30740895407187
335,4.358826479502104
336,393.59136463737246
337,469.25695103606995
338,82.94167643557493
339,784.5818897935205
340,53.50654543290463
341,-209.14977907979335
342,-50.22947161754962
343,21.717925972279936
344,260.810478980477
345,-15.534362365708505
346,149.7130250923293
347,353.245959014923
348,858.8476921275081
349,673.3891503967876
350,16.979321237756277
351,499.37582576328117
352,-149.01361020440908
353,409.6314312322431
354,400.10277128925856
355,91.45619957482677
356,804.879654907979
357,447.33678464837243
358,606.6006319970405
359,547.657614514449
360,624.014407249053
361,-273.9545235091406
362,97.989869295144
363,496.7382364539788
364,79.7942325423245
365,537.7227444854029
366,169.58580599009042
367,61.925997781260335
368,-224.50730088585934
369,-19.594092271926367
370,-419.68598747026414
371,65.49064252070195
372,788.4094333754397
373,235.54532564002153
374,925.3889869620847
375,853.4751607677542
376,304.1515720145626
377,481.19214771723585
378,84.27137059483533
379,175.73513716035444
380,527.7184450093558
381,196.04357167812086
382,754.229513927196
383,190.97434146734767
384,544.1065884017407
385,601.2550017082253
386,748.5729911368702
387,338.9497401796049
388,159.42203980312595
389,163.45154626822048
390,6.1546233543525215
391,541.0054962045327
392,575.2700711127053
393,520.5115037591733
394,329.33682754541854
395,206.86355187722697
396,448.8874365118612
397,447.785345578115
398,-186.06833045779655
399,-234.06571463727514
400,321.4404910696104
401,390.9347136805179
402,383.0143017588431
403,151.60761719019973
404,683.6250301627125
405,608.4355409519922
406,386.3482062799547
407,131.44486533200214
408,170.43538633155896
409,319.9233051028908
410,-526.2035579891332
411,-39.48569285092521
412,-270.0754776423547
413,302.6717847915937
414,-315.4510266632852
415,-46.29566215160936
416,-160.73773347175748
417,387.70192373886846
418,237.61834243822094
419,392.6012506035103
420,185.95131912161918
421,129.31575548905457
422,-76.86594428249336
423,283.50481184824935
424,485.531822008344
425,307.731061205404
426,129.12277261316137
427,-116.39277382824214
428,256.92147888772314
429,134.8413824095841
430,33.17794993714812
431,747.4490383421695
432,471.0267627012214
433,947.4099711153431
434,454.13654823244156
435,-248.1281442710552
436,-297.31594621050687
437,8.801428188359045
438,383.89688321875815
439,-382.59039088602185
440,477.7337311957223
441,535.5135312267809
442,280.07311393062076
443,522.2739162579624
444,760.1712010623577
445,352.7711928728834
446,122.42986772912928
447,-351.68676900683283
448,684.1831677681893
449,-11.90795204232767
450,-68.168151319165
451,471.2685399789557
452,179.07723791897627
453,553.3489836030949
454,350.4818034449739
455,-65.67337906147434
456,599.9622799446526
457,274.6524788759654
458,-32.84014480634261
459,82.69368727503345
460,213.54568737673273
461,421.52658593951423
462,326.1648465705904
463,-352.18692665175547
464,458.06861370814113
465,310.20979763026935
466,381.1421300081632
467,770.7887241957467
468,386.83449685350536
469,-405.83650153189035
470,-168.94458621993454
471,316.75210717386614
472,24.93408222622591
473,319.19296843300395
474,-151.7323198977379
475,-119.67723444564066
476,755.3793701393943
477,599.5585340483062
478,594.3396614197577
479,5.1087793891861075
480,-45.5698139139348
481,716.8680384156529
482,715.2484428303209
483,-154.55989688098126
484,347.0044354323548
485,241.3384547660168
486,-284.25221231246155
487,181.7311559324241
488,536.3339642137033
489,245.39991573957212
490,334.3289136225945
491,396.80081205002216
492,259.6325647157104
493,91.80385816614388
494,492.59962783709216
495,191.58267362025452
496,193.38431434474143
497,332.3127605180224
498,429.113805815697
499,113.07504394564302
500,794.9132724417084
501,114.14113220904143
502,72.01034719092323
503,55.68666801935708
504,195.6745266124327
505,117.96399059742265
506,300.3275558152432
507,488.89545456293354
508,168.3287912927051
509,480.67001520680685
510,551.2592176822543
511,715.5998241832733
512,-514.8270496671679
513,431.97609818878317
514,635.3008682320767
515,261.46160577573414
516,258.84473116100645
517,153.49659918133761
518,779.2762940487183
519,903.4464722262338
520,268.01115560842265
521,193.9595887805362
522,253.9337874223299
523,16.71280030362171
524,-201.5308346208841
525,588.293356478923
526,131.54725477099802
527,19.160759486471555
528,593.4888892687999
529,-24.278061126636516
530,444.51760588777154
531,486.8614458291736
532,434.3818579889814
533,343.4015382867977
534,315.83589764096035
535,250.72029889535037
536,27.663033616521854
537,-33.2663313457993
538,484.3435075666864
539,95.23757496472243
540,326.6545497399938
541,331.25215356705087
542,414.55754375391103
543,542.3979605171027
544,311.39373837897034
545,-29.06738368128936
546,664.4072342786278
547,527.2881780113919
548,19.336027057347877
549,206.3744457831686
550,-138.33717706372047
551,-36.146194928258645
552,530.9299987510955
553,426.1795988350692
554,541.9288722898758
555,332.04744933838384
556,380.2033488246382
557,528.856600835004
558,-34.78395822838073
559,90.77468364392124
560,513.8186041066201
561,825.5658936329445
562,12.293986873747844
563,477.77127433329446
564,-165.17438379480234
565,321.9649516967726
566,92.01566300757577
567,484.1940026685078
568,138.4104193443942
569,-12.400412255058637
570,-22.318497839484408
571,-329.8451781840818
572,173.52209192278593
573,602.8968409531337
574,405.59595737801817
575,373.9000438731353
576,64.34096177983176
577,-266.43680879379684
578,672.4981862812258
579,-262.5991332820092
580,371.3500864242619
581,970.8785064662251
582,-384.30626500304606
583,851.1142341523289
584,297.5061240183736
585,273.19256613850456
586,459.54924876643423
587,418.32710464395524
588,292.1024241811452
589,171.2055654113273
590,-135.76020063136187
591,268.25114788586967
592,374.32556900516283
593,429.091635875576
594,662.5237193296966
595,-36.0321534475486
596,-47.81711939577336
597,-111.38895230155586
598,871.8341206463979
599,-110.29650423405738
600,-266.5105052952368
601,-35.179224021365854
602,114.33752072973115
603,314.12181104647846
604,-154.72135744401743
605,155.3642594976471
606,642.9814730050362
607,-443.5865566961112
608,605.5874940054225
609,52.663175520815685
610,343.5264537051893
611,-15.765374788065483
612,179.50414903086036
613,811.3724068345101
614,366.98327329010164
615,396.3396003638694
616,735.7208844200517
617,436.3099916448686
618,363.1161333628527
619,191.0743745248167
620,670.4208248684408
621,299.89223982348904
622,396.2590158945362
623,697.2631659125994
624,414.8327537972415
625,42.66196366758924
626,420.2418449644934
627,274.55882976156647
628,110.55853715110429
629,378.1671529442476
630,-192.95164273646452
631,715.0600379008551
632,632.1565580098086
633,237.4216471290767
634,217.73334912832303
635,203.28203378911948
636,42.51299811301811
637,-183.16635885996448
638,339.3064892410846
639,693.6651602776425
640,449.5763204222785
641,-22.79858503683223
642,179.2746966732378
643,226.31435684328247
644,595.2095181481343
645,255.64654938167155
646,291.9538284678721
647,264.6952698526195
648,615.4680160183713
649,-210.6260327370648
650,595.6396453738813
651,812.9352636453813
652,648.7688541241575
653,-32.39664058249575
654,-16.39718544230862
655,442.9877780655888
656,320.93375223400056
657,318.7902150833815
658,585.4705125155086
659,438.747229474938
660,-19.515473746953198
661,433.32581032692946
662,1083.9116210160269
663,399.10591868079734
664,176.8737381076433
665,311.7418492279522
666,636.92971229058
667,784.2364513498698
668,263.2409695959468
669,723.5452923431084
670,287.28275124280464
671,271.7916703078458
672,214.34753739523413
673,512.1666733832172
674,741.4967047643228
675,126.89196296070563
676,404.40418122855084
677,374.23781965131343
678,568.4756593128393
679,355.54006163210954
680,192.89125466904218
681,686.1687457237127
682,-31.2347429090025
683,71.12895293779714
684,398.7340014996595
685,-282.2074539364901
686,-70.4515148293647
687,-56.74168631843946
688,467.90754056310465
689,57.646242438251655
690,485.04331557050136
691,79.39142203235222
692,433.40814264439905
693,1092.0088813942168
694,-537.0671003661063
695,562.4219793931632
696,1003.9194695602137
697,566.8504372950397
698,290.045401520932
699,493.199277871768
700,227.92563429031864
701,99.46734776902657
702,308.17059524897314
703,154.99967627985325
704,427.76915438859214
705,-20.982477956569017
706,91.17373867913996
707,738.1629528571219
708,554.0762176001061
709,393.95506851317924
710,423.6773041539599
711,-241.66110871920787
712,-143.3859560390384
713,353.0670332716189
714,518.9176390714637
715,143.45527187624984
716,254.91194544618446
717,197.57709058322268
718,436.1749770947144
719,830.2656903295435
720,325.0257063549747
721,-203.89876201552056
722,584.6043061795109
723,483.13839769617925
724,130.70415508910253
725,351.976335682482
726,705.3648794855629
727,954.2821643223294
728,56.495545573565465
729,-46.626310970030424
730,356.51887365751406
731,663.2426755993339
732,635.9116878986135
733,513.3291014811357
734,414.5823818984856
735,649.4357633081958
736,682.8997309757558
737,38.41331257812516
738,-32.542731128047485
739,-153.23570916932698
740,622.7180880967024
741,531.5890814372144
742,281.935965521797
743,76.40521964494818
744,699.0815590628043
745,-101.73709685290413
746,213.75166666190967
747,115.34344369404215
748,825.3910693461884
749,245.6587144657472
750,624.1859670362757
751,-90.30054189998567
752,-99.3634857668821
753,413.0304652244929
754,612.1367296619143
755,598.4589133601426
756,283.24376483354513
757,-19.939125038599755
758,801.523980587087
759,93.71213105004524
760,-239.9231598930413
761,630.3173631827686
762,-189.97909915355228
763,410.2499982486698
764,381.89142143068983
765,352.4774289393809
766,303.0030494616112
767,378.05813810315317
768,477.41846920623266
769,470.0790894292202
770,-354.2758095381731
771,756.5549733932427
772,24.03423260187829
773,79.47203464599458
774,274.1396667168942
775,363.93000720087673
776,412.81929249251067
777,614.9979980682028
778,374.214180473446
779,1340.1580047401494
780,330.66516855140094
781,361.6269685219192
782,412.5165093331433
783,279.34350618854984
784,84.85956047171648
785,851.2482737368491
786,722.3424716643727
787,-154.61547971545045
788,156.6052287887124
789,677.172937862644
790,223.98046272524894
791,185.58641385817631
792,670.5983346827948
793,356.73852984623215
794,14.201383586829875
795,-133.17192447165579
796,155.5755852065849
797,566.1643516368285
798,340.6457152544057
799,322.8006843616422
800,13.495991202691652
801,663.8155962530286
802,821.7337569120428
803,176.05090824513144
804,636.6698186255701
805,377.9502071907816
806,-154.58514554976185
807,-221.3727599620678
808,247.57900512310442
809,1230.2549410377144
810,116.43248506205684
811,-42.57105869230396
812,1083.4384592324832
813,140.10063754816176
814,506.6845380194605
815,650.0897530537511
816,485.1674452837964
817,-95.91024995272053
818,113.91901710858185
819,-203.41666556966675
820,213.23060922426194
821,-88.88882579841683
822,-81.71655865786023
823,158.99767085798445
824,114.1322277494542
825,576.9805592462981
826,374.31873992597195
827,-182.1011119750354
828,82.92378394345953
829,561.9910050061683
830,499.41887141357375
831,-129.27242373773973
832,485.225383398789
833,205.88510751802977
834,312.5397104892989
835,164.28295671532828
836,31.316498731295688
837,-10.354942686336647
838,411.9424306577233
839,45.57619990110859
840,428.6553853569498
841,428.3423090466925
842,680.4551406829848
843,339.4337881156017
844,-8.732554167597607
845,692.8926896708886
846,524.1870744719508
847,712.7269048262557
848,583.3999122980866
849,733.3107851127314
850,-329.73724541192183
851,601.5780883145466
852,370.0295746454869
853,343.8622831355136
854,1.3184923378845754
855,338.4094528399535
856,793.728438138288
857,190.36285628276957
858,264.3344327097573
859,-59.66057628274276
860,-109.64134418015513
861,685.6066421392858
862,355.158729026158
863,-85.1488782152017
864,640.4624548545462
865,638.5438802203465
866,-319.70120695232276
867,-257.01715930139204
868,637.9795493899405
869,5.7912957463664885
870,11.468299441211558
871,904.403344589004
872,668.6272203584228
873,196.30574122795596
874,75.84548233615713
875,462.25383086260956
876,365.78183596335714
877,798.6038050309616
878,-172.3948112815041
879,136.73505201891209
880,488.2180080376413
881,137.28225973111918
882,313.3608265828835
883,-36.14907316712516
884,-11.821234819756972
885,784.2189933179062
886,-348.1587397449637
887,38.03358129839109
888,-43.50591529409394
889,713.5247958242765
890,70.29121173170522
891,-147.3131045657929
892,316.4689282712699
893,502.0205903062522
894,343.4277528638021
895,62.269428332144116
896,722.2376715515378
897,-317.19438691500017
898,-13.110083418140812
899,413.7974492961094
900,481.2600534278884
901,301.4205386767102
902,719.5095464193669
903,260.6855664586909
904,648.2756246462365
905,209.31966889800427
906,640.4136239857837
907,-68.31161515196548
908,654.5075497911816
909,793.9234183590646
910,731.9024606065648
911,397.7723455386882
912,490.54852027147814
913,511.05782321556796
914,173.10065893785114
915,338.88909600764885
916,157.28816476385057
917,286.0809963087654
918,954.7306709583878
919,675.9093951110466
920,110.49175297061062
921,128.54147110779104
922,1073.8777732886588
923,466.1080379669458
924,536.9546445395099
925,545.7625180961209
926,350.0472516143988
927,-303.0700306686636
928,220.70193620331642
929,-231.74336262901363
930,-120.32277078034427
931,1183.7665165261706
932,54.64391201141434
933,712.0191896588123
934,578.1632729232124
935,425.74627592714
936,214.26476148428952
937,209.2734513146396
938,234.60824042743118
939,1042.1536057935305
940,794.2820577043285
941,964.9781682486617
942,339.79098879080334
943,278.983790375671
944,748.1732124791295
945,619.360801295255
946,461.5430373724507
947,519.3257829180409
948,668.6083650136283
949,118.26501780561938
950,110.3997520454193
951,168.86045841797062
952,200.21040058643476
953,243.11871909611511
954,607.3083781322708
955,273.05831670062014
956,713.5661992962846
957,221.5576186767275
958,64.05677448189043
959,803.705028181698
960,27.682836661531475
961,285.5531446557132
962,629.8387191898909
963,311.8162295593698
964,73.74109294827807
965,406.5485642610595
966,191.05697261758272
967,708.1732125997468
968,-4.1198066845628905
969,-161.7663857332498
970,-234.69814873210325
971,598.8668866454905
972,405.02234615717794
973,96.82941659087142
974,642.0609543585958
975,-104.30706649684639
976,-388.8658855388704
977,453.9164381888049
978,-276.70229343084094
979,-324.3563360076891
980,527.2466826819618
981,617.6872272195048
982,43.432476083035795
983,365.9465136991309
984,-176.10060756966112
985,297.24252514446977
986,225.1518280755327
987,172.45735911252837
988,193.08321386271774
989,263.52999292758716
990,-361.9736768467346
991,165.13028848371428
992,631.8133142101383
993,483.54962261269736
994,33.47689825176545
995,221.24793086909187
996,726.0446902489634
997,-2.8690447448780025
998,300.0513124472393
999,718.5033266899376
1000,278.49120237813474
1001,423.74183303149556
1002,276.0019361173169
1003,380.1738815321135
1004,329.2302553469733
1005,369.8758083562658
1006,-202.31486274993512
1007,49.52133353125876
1008,629.6132707610881
1009,277.9245130664526
1010,365.825669519898
1011,423.940836535219
1012,313.52333174121816
1013,410.41472468605633
1014,152.23932236831774
1015,-127.5490406908412
1016,390.8765632966865
1017,-135.73494516216257
1018,213.05896791436314
1019,388.3238074977663
1020,-67.40655322620172
1021,678.9284824356043
1022,16.52888301788357
1023,550.9342608684705
1024,664.426725346972
1025,429.34920735233896
1026,274.67164876758835
1027,385.54121210457714
1028,507.29198093860333
1029,22.289598878883183
1030,380.98066508606087
1031,370.9401536268722
1032,-32.57273085382068
1033,226.02481702812264
1034,481.783228560207
1035,268.26608516114237
1036,569.7081728545775
1037,407.1307958414247
1038,649.6523327888317
1039,725.5192293456273
1040,232.91244924549582
1041,67.5523716580665
1042,379.8795007881908
1043,742.2478692176558
1044,604.626343008176
1045,372.9463181030981
1046,-163.90654129841843
1047,-151.6494535094241
1048,120.72812758247002
1049,221.01879125018976
1050,701.0199577203681
1051,273.5829275268686
1052,233.57375354773563
1053,-6.895388182929375
1054,309.38407852277004
1055,-424.78238996833124
1056,327.603658904482
1057,-46.016635848461235
1058,354.06853586858585
1059,717.4472763198369
1060,206.7907104127273
1061,155.5644018939002
1062,-283.600662934371
1063,429.629419431273
1064,-13.491340837737717
1065,784.702032310771
1066,268.643162613524
1067,654.1897541299229
1068,706.4389718586413
1069,239.45156392611884
1070,767.4454199047944
1071,-161.96792831007411
1072,186.20369711912008
1073,225.7908737727555
1074,205.13641424576954
1075,407.63992330015896
1076,530.105090033901
1077,702.8147535668088
1078,269.20903768096196
1079,511.59252668372545
1080,-383.13808423137465
1081,564.5880523489138
1082,120.04857074407018
1083,346.90047605528514
1084,89.36644475741883
1085,321.32699842721746
1086,633.6212658705109
1087,70.73581890890745
1088,383.2957909602581
1089,483.7237500200364
1090,520.5442282669276
1091,173.18679217372946
1092,658.6086737773968
1093,627.6965450371853
1094,166.38180738224384
1095,354.6620080129632
1096,467.6587308076522
1097,579.8392321679346
1098,370.2492682317628
1099,181.51811988980387
1100,319.2354240602421
1101,-40.89640951470432
1102,263.0742828987097
1103,484.0110437533774
1104,685.8603895528497
1105,260.86388607307435
1106,874.5998925016864
1107,483.94792199723923
1108,549.6061081765077
1109,340.74169762825187
1110,666.8228397391833
1111,479.8254823122804
1112,950.0275164411876
1113,398.3788663165055
1114,-13.69486738423738
1115,455.745277220476
1116,-335.93325998579934
1117,-38.82317107498735
1118,356.57547676904676
1119,688.2843140438681
1120,388.0145761975326
1121,462.8564358796633
1122,172.5329332000402
1123,914.2142078905435
1124,723.7997844326563
1125,71.6365862343937
1126,277.256365890058
1127,566.672209415367
1128,35.594331090184596
1129,271.93115099505815
1130,594.7727574626734
1131,445.7380201208817
1132,493.3448736462739
1133,241.50657456820747
1134,197.87850045802247
1135,393.2263191273657
1136,28.788645329330805
1137,-150.7876543013378
1138,251.68689480152872
1139,424.8757045186114
1140,382.8952630142244
1141,-182.69465516314986
1142,616.8739335686748
1143,-300.16192706311915
1144,-220.4508499692007
1145,513.0382386049365
1146,-197.9669328891197
1147,133.43134854639783
1148,-80.9342892010915
1149,-45.05736058624927
1150,586.0515550685441
1151,-62.75748226313025
1152,101.28683409210423
1153,702.5836800185785
1154,42.396251733350084
1155,902.5873463507813
1156,139.56477246715207
1157,596.2639734822383
1158,397.3610595290567
1159,728.0109889782129
1160,772.1029487362025
1161,999.1665168532076
1162,219.93688333770626
1163,575.9683396098295
1164,202.5884148152224
1165,409.62410091898016
1166,-227.23959471447247
1167,290.22345895893966
1168,300.63630474363964
1169,203.88201823736367
1170,351.95943282458927
1171,245.81413625055168
1172,539.1835569687927
1173,-16.57577672909352
1174,590.1801051809693
1175,385.4252793702847
1176,249.37808935978148
1177,639.5401281525192
1178,519.1835193025956
1179,-103.02810692117585
1180,281.6781898696762
1181,2.6777542376515386
1182,-99.16369786039343
1183,34.34681733651067
1184,603.4240847544634
1185,893.7543880484509
1186,482.53738467122736
1187,449.9035770196263
1188,220.2287906703722
1189,224.18038039802562
1190,520.9419994943551
1191,280.27244772483925
1192,-207.0952356628906
1193,296.9094905218871
1194,793.5245000939302
1195,-7.608613130465147
1196,359.98718277407266
1197,-71.5346227671624
1198,194.03789726051443
1199,283.3522055414349
1200,713.972121182467
1201,18.968499958268136
1202,562.9657195841615
1203,436.662691469381
1204,579.3682018494413
1205,496.90156621309853
1206,489.5712390433588
1207,377.13036705561666
1208,-201.760679455271
1209,549.1123011756715
1210,-60.61905445533692
1211,642.5450758193399
1212,905.3384730935422
1213,1119.9384589009464
1214,171.05812867438837
1215,676.5810059666011
1216,150.8252903958179
1217,218.21513009346276
1218,345.3951527607436
1219,579.4474979660805
1220,354.6656098512518
1221,-153.30919880442224
1222,689.1146128792578
1223,687.0108746962443
1224,798.2035354251001
1225,317.2431446378663
1226,179.7327654386519
1227,-405.1700895035551
1228,342.60099445866933
1229,309.932618511252
1230,687.9710406541905
1231,597.5125616972481
1232,958.1085505153287
1233,-235.60834323446596
1234,221.76091538739738
1235,254.54309780373683
1236,254.0836492372301
1237,-172.45895295715354
1238,188.1289300505324
1239,1131.1772799871735
1240,-2.438118905562236
1241,348.2448549959288
1242,726.6852809087776
1243,513.0882191534137
1244,-9.20798540614277
1245,124.22133422350778
1246,210.13873548785205
1247,38.70856752673995
1248,213.54964492749397
1249,89.57165482608526
1250,204.45728147178224
1251,501.14814876564026
1252,694.278642863291
1253,555.8081369644456
1254,-147.68457182744987
1255,688.6093981134061
1256,148.03842671224407
1257,17.970946737959757
1258,454.6752133207066
1259,540.4245249958615
1260,625.728638868018
1261,-187.4302835241159
1262,107.67700305319798
1263,-122.21214145346407
1264,626.2441692048823
1265,493.5056811124217
1266,350.828844259276
1267,445.74023832352185
1268,397.6693940309969
1269,24.37409221654697
1270,-354.478289493072
1271,-264.6616468887602
1272,24.033841952824048
1273,-504.3869804915735
1274,49.7772755127991
1275,-195.35395591119186
1276,205.3934744656514
1277,132.53050879405134
1278,136.46066014102692
1279,693.4910704014748
1280,-249.44038359898587
1281,23.849164782264992
1282,653.7157057004748
1283,829.116648474775
1284,891.2023565516268
1285,-10.899600966093324
1286,309.8018351078745
1287,531.7438761605284
1288,-176.0962756679884
1289,467.65865732409367
1290,-284.31359723105953
1291,44.06158762954
1292,-333.77123230179023
1293,-26.91430912924665
1294,371.62999022355535
1295,867.3879998093714
1296,67.20822037867224
1297,652.1703421713272
1298,-148.33423506040674
1299,624.1770235315705
1300,124.57139689926092
1301,342.95714150374044
1302,-52.91589862293636
1303,-201.40527003325744
1304,473.3148588998024
1305,338.7731536778032
1306,353.3791162338497
1307,235.91240627385386
1308,448.94907029716387
1309,540.7144260908874
1310,17.063589571411462
1311,-38.08479364232322
1312,352.2047877822646
1313,779.6006360193389
1314,309.08306397661914
1315,312.312202212724
1316,-312.4924390181535
1317,-288.704240928237
1318,136.75379034369075
1319,-358.90515461393534
1320,125.98040809918922
1321,408.04711622813727
1322,-222.86487392286537
1323,488.50854687711205
1324,319.9215954226021
1325,593.7557476958929
1326,-375.658417431173
1327,1104.5967527131907
1328,357.87357802916927
1329,320.2004093286149
1330,835.391755979273
1331,128.43157533439856
1332,600.3495984544902
1333,716.2634626120564
1334,157.66936424562917
1335,-55.709455970439315
1336,293.86209679960155
1337,507.1434370771861
1338,119.4712125273753
1339,691.746219694269
1340,-43.76005797907505
1341,644.5084141142993
1342,372.3469595597984
1343,-175.93936998344867
1344,783.397443183113
1345,553.5753415687965
1346,594.3048725963391
1347,237.70671550983928
1348,69.41229758312113
1349,541.3293051144469
1350,511.61983781902023
1351,561.1488646982779
1352,417.5264397987616
1353,532.8597062507012
1354,736.2069095515449
1355,-70.77970590743065
1356,41.91578659229416
1357,202.17514436298816
1358,252.598716587775
1359,709.7664771110401
1360,460.52082515238254
1361,281.6739701069352
1362,212.51580050991583
1363,468.7806107471977
1364,763.4013329866677
1365,167.92833276607072
1366,523.0777491054221
1367,820.78756559888
1368,933.895505067564
1369,556.5794710783492
1370,-24.95436955226166
1371,616.6681253988277
1372,857.1980810088254
1373,242.36565397107364
1374,306.35373157992404
1375,240.48773783172967
1376,800.4359663003394
1377,436.99078093516533
1378,554.4822455731016
1379,-35.43502434982429
1380,478.80868992211873
1381,-253.91816726105594
1382,465.4740080211314
1383,-49.403740272973415
1384,749.7836223111033
1385,306.60119802714655
1386,623.7087551391124
1387,-65.78421010185261
1388,-88.48449414054775
1389,949.161653164556
1390,810.2988816802557
1391,34.45180073535281
1392,-10.74788795677215
1393,468.09983891912646
1394,316.0037177731348
1395,284.23377610657104
1396,-20.28050199501296
1397,34.336807925131
1398,659.2343423663066
1399,238.43752441395418
1400,404.79545935615346
1401,-260.90139257656057
1402,528.3446250137931
1403,380.2533419103494
1404,-46.537762677960686
1405,-80.73063692448304
1406,708.9733306677188
1407,805.5587349474359
1408,762.1145474791631
1409,-135.26558367898417
1410,134.68942810706568
1411,14.354386890155148
1412,168.36093603367627
1413,1272.651909272084
1414,400.8482185465909
1415,109.87254258315082
1416,108.21224497417735
1417,345.0128010396717
1418,229.11559914726072
1419,1069.8400441946576
1420,717.5083761474797
1421,911.3882211293954
1422,464.5869650424013
1423,309.714084196032
1424,672.9457007417332
1425,63.30364529510073
1426,112.90913020872105
1427,798.8408145269018
1428,323.7181414005639
1429,367.0803231934575
1430,309.24482969992147
1431,331.10926507772865
1432,381.9550067144673
1433,594.6741583335103
1434,209.33158369642612
1435,986.4932302680695
1436,32.289986769241914
1437,-59.39350915656797
1438,-312.8423195336963
1439,533.1761702968412
1440,731.0199916414499
1441,553.9920248546506
1442,64.07250008067851
1443,-519.4191665861999
1444,81.87305796443084
1445,565.9818928816751
1446,521.3539725138114
1447,399.6990650456612
1448,48.38647171110157
1449,26.093369989091705
1450,217.92291236710807
1451,-157.0279711556758
1452,510.917060752436
1453,504.1699194338927
1454,286.8217253846007
1455,272.6637993324655
1456,305.4222275660837
1457,494.6846100180446
1458,-153.55885363608465
1459,192.0073782372819
1460,813.7620789879685
1461,419.26656577746706
1462,202.9628396303654
1463,1000.4459907948186
1464,852.5631353668476
1465,481.7321030921155
1466,361.02451735130717
1467,361.78672240630516
1468,723.3738642902828
1469,769.5913698252499
1470,335.6326278785622
1471,377.38949657678194
1472,139.08666330589548
1473,436.9069686573751
1474,25.863707699674343
1475,-172.95716792222564
1476,312.5836853070433
1477,329.8559698503536
1478,300.7455096559821
1479,730.4194662236124
1480,-6.99647924605482
1481,150.0914372673205
1482,210.2698152047615
1483,435.98606748439937
1484,449.72107038484324
1485,1145.7758266199214
1486,502.949594512995
1487,548.2215865014571
1488,-254.71256747116192
1489,176.98490086424707
1490,17.55951142758694
1491,653.1778274151849
1492,188.38746010787867
1493,486.37643916328693
1494,207.95590077412385
1495,46.11332560888241
1496,93.55694433891686
1497,346.15920680246387
1498,160.25487093649693
1499,110.9278038795612
1500,535.3334663249852
1501,494.43847653851356
1502,-301.0656736402772
1503,354.66216217314474
1504,370.67599705541744
1505,-125.96680547769924
1506,177.96094876067747
1507,782.0846736936512
1508,98.91435881299708
1509,979.2384937806283
1510,978.5454939546751
1511,610.327634959462
1512,145.55474366181255
1513,290.8530802267054
1514,3.9823144128635235
1515,139.29023249378656
1516,168.98765212654234
1517,529.2079500728431
1518,334.7119834239766
1519,477.9934008014032
1520,180.26097905761125
1521,311.36184863487813
1522,574.8206295885284
1523,-255.5864331631279
1524,-166.72866406001975
1525,395.8258237449625
1526,377.46697114351224
1527,475.2043096067103
1528,205.14169830491394
1529,417.73916731109625
1530,108.61135426907472
1531,860.6389501297047
1532,371.4566039742704
1533,151.46796215330141
1534,430.2029582035616
1535,250.3656748487229
1536,506.5988649943573
1537,-103.51639161478006
1538,53.66425298932249
1539,893.3896469883589
1540,21.0023306790972
1541,456.01078177025147
1542,177.33791332957853
1543,33.56438110157986
1544,285.13963906268054
1545,467.97966138315167
1546,360.7204188766461
1547,-38.83706784435035
1548,460.0608946078208
1549,269.50520098398147
1550,641.3415343378521
1551,380.3331857366597
1552,453.0915963842702
1553,544.176755366751
1554,440.25296226234536
1555,191.78385979995073
1556,90.22615023703428
1557,447.0561145889077
1558,335.39154750290476
1559,65.88650102400824
1560,509.6836099240936
1561,-574.0253495722136
1562,55.111903161776766
1563,435.3455962844542
1564,225.28970135053433
1565,640.3311928440106
1566,451.09389195328237
1567,-523.0249861316432
1568,217.02481041138037
1569,1115.7307247102556
1570,447.6978137875535
1571,-67.80395257131372
1572,43.23864365088886
1573,1379.1848134259217
1574,-195.79168020699524
1575,490.4126628724971
1576,646.4772168791349
1577,-237.079489429696
1578,605.7652202053962
1579,1071.344986828853
1580,839.2651330345311
1581,500.90047144413535
1582,-243.43385899311522
1583,-231.10119437225103
1584,32.00250515126586
1585,570.5784896043675
1586,-186.95739771335104
1587,584.6939663282369
1588,271.5834355022717
1589,-508.1608220000218
1590,469.9955972952432
1591,21.73037443241397
1592,1033.0616957169525
1593,782.2727146249908
1594,624.3389383331735
1595,866.1857093107488
1596,-729.2514154353831
1597,-75.23067164295988
1598,403.85138114565035
1599,200.87083516275055
1600,804.2992993497531
1601,-225.3387166911023
1602,609.3348331059938
1603,172.2232084512814
1604,470.9972672277669
1605,488.9209879002665
1606,167.27477379206616
1607,110.67906418861149
1608,-318.8437160754406
1609,-619.5276230703879
1610,257.49692962050773
1611,247.69963177256565
1612,377.5977162962698
1613,56.655498309765335
1614,-19.516362862427044
1615,361.5594522499428
1616,768.1492269336932
1617,375.5338341753488
1618,46.83722633392047
1619,609.0205059973857
1620,524.8288998256359
1621,769.5958395642455
1622,470.7963223899952
1623,-284.01337811565116
1624,392.73644393314146
1625,202.34531421100172
1626,342.9822706041584
1627,188.51776735148917
1628,446.6702251159852
1629,461.7141066347302
1630,537.5664788037153
1631,-143.0774608795372
1632,507.8232032318548
1633,154.23691180305792
1634,274.6272146471217
1635,354.3822648371349
1636,67.42688848797492
1637,888.1174363957974
1638,100.81188605918449
1639,430.01599040573126
1640,562.0614546192859
1641,-69.00246361782101
1642,525.3330068028758
1643,225.75761255624812
1644,649.5622209814973
1645,206.09198930758978
1646,-23.742491201605876
1647,91.18651449821304
1648,260.19388603992724
1649,846.8749270771121
1650,24.128443906349126
1651,736.2499254087037
1652,-214.69733757697912
1653,871.8815842690279
1654,1275.0954138232194
1655,207.17155992928937
1656,396.27531544112713
1657,526.2247305639951
1658,554.3223919704975
1659,612.4892935760424
1660,-137.16074805492178
1661,483.08235604704333
1662,517.905770840406
1663,-9.725605764051963
1664,794.887890880774
1665,323.1555092112076
1666,153.16381707328932
1667,181.0472909360327
1668,108.13879370984334
1669,-113.4451152135451
1670,-594.3498097321798
1671,803.4416398045538
1672,-577.5648618785443
1673,171.40439583473847
1674,53.228787062137684
1675,327.38328117497787
1676,-271.4901299636785
1677,12.628124720166102
1678,244.35533019523933
1679,310.92411195749133
1680,410.76068570769763
1681,526.1561940010008
1682,123.66861301706307
1683,296.0626490957565
1684,216.71317560345736
1685,233.83956093037662
1686,261.7659405058742
1687,414.80304424738523
1688,388.21322404376986
1689,346.07432343430304
1690,524.3446304633394
1691,641.3388290579185
1692,481.9417664086229
1693,37.87929609870911
1694,215.05339896831916
1695,489.3183688049678
1696,-154.67139102010918
1697,627.5080283056759
1698,183.8150671055732
1699,124.29318435635668
1700,-325.4810897069328
1701,290.28801197929926
1702,279.10200905781056
1703,351.52569188499416
1704,149.560483770274
1705,865.3999001734406
1706,252.7121448732289
1707,-248.29737782533647
1708,112.71368804697374
1709,565.543073175424
1710,747.0725038966791
1711,590.7239986290282
1712,-146.02569265329277
1713,177.45297553362013
1714,459.52691268380187
1715,640.5310592287461
1716,593.9612093166613
1717,-92.13339391493402
1718,250.5948693384196
1719,482.782140911034
1720,-249.93943765562364
1721,306.3539987748729
1722,317.18992851619714
1723,688.5721920663722
1724,33.23378724763114
1725,403.9276041939834
1726,730.404246859067
1727,9.92949507554157
1728,67.81566119892385
1729,187.0231774481765
1730,18.211418714015558
1731,661.2541801604467
1732,584.7425151490093
1733,701.6028422739258
1734,-349.799488118284
1735,330.7827043549689
1736,-1.9702985903342345
1737,180.84754877853402
1738,518.3123430708595
1739,-213.12870361836724
1740,1121.8517078682169
1741,616.7866063888246
1742,612.0158790608095
1743,119.14552014646254
1744,93.19876136219482
1745,-39.99118323403637
1746,736.562219245818
1747,848.3444327880586
1748,-158.44055938855308
1749,421.06950384513976
1750,140.2654382347837
1751,162.75189324052675
1752,448.95733779347717
1753,539.5770756424936
1754,315.54865118885135
1755,309.8904507655186
1756,219.01007251816387
1757,638.1431197944513
1758,292.3793199579434
1759,611.957101944673
1760,149.49578055611258
1761,464.02613234829295
1762,461.5012307449172
1763,632.0381690875253
1764,363.4055599391072
1765,400.94919641871945
1766,104.55913895546554
1767,206.5887421860314
1768,256.5379228928723
1769,350.647725488169
1770,-113.95444447070685
1771,569.0276473695424
1772,706.1496712395798
1773,242.2821715757669
1774,88.22737554582768
1775,629.50929756271
1776,333.3742964151619
1777,316.8140155941406
1778,193.85250172435187
1779,787.1840396111479
1780,516.7954276797583
1781,-111.15118800514585
1782,-13.37287449138379
1783,356.5546652059731
1784,190.0557132138687
1785,-128.83142904550888
1786,-321.4733391766939
1787,173.04468757960126
1788,536.0749208466359
1789,84.0446302335256
1790,442.5580897288274
1791,608.0376322593548
1792,198.97583853831117
1793,887.7886123461171
1794,155.16865711184136
1795,812.6275454727937
1796,145.06239225518698
1797,61.331930937299134
1798,917.3938973184495
1799,286.2775577785934
1800,730.4359590393801
1801,699.7485842152012
1802,150.06930193826588
1803,946.0944695856394
1804,538.2661778032833
1805,-105.72549859774708
1806,515.1977591594583
1807,-56.570322291766374
1808,1057.6535904733598
1809,205.48821375211207
1810,574.8540409763231
1811,134.60766404292073
1812,69.57865596033544
1813,395.931965152902
1814,253.23617049102089
1815,373.57428040068095
1816,293.4053236879835
1817,-84.84655403679189
1818,608.5499456203072
1819,515.5792197098622
1820,199.59573617774194
1821,392.33302908316415
1822,190.98789253004537
1823,133.43312961056395
1824,265.28412900217756
1825,295.55890515973795
1826,293.7218000173504
1827,644.6096683200992
1828,277.97446107047824
1829,-266.3651431871957
1830,265.07630274921644
1831,171.10561084135495
1832,-194.62656375366998
1833,504.9193202050458
1834,354.6538086722108
1835,198.74706926895115
1836,226.99607502652495
1837,367.14468829356355
1838,688.3047470248656
1839,314.96738581395283
1840,806.7405680961978
1841,232.68164842111733
1842,136.95574838603068
1843,139.24006451450728
1844,731.7989113876062
1845,168.89408642895685
1846,140.2148805845211
1847,186.2885994347309
1848,146.44866970745753
1849,61.46708690543055
1850,352.07406484281864
1851,-216.1189546078915
1852,97.8985761440184
1853,786.3451462470288
1854,120.2960174335773
1855,385.77798645828983
1856,-454.6528011593525
1857,549.3975580359482
1858,-1.7422178782864464
1859,714.3915085994702
1860,-244.49932577729226
1861,841.0608746710443
1862,509.2876450523503
1863,263.6520999729596
1864,530.1044284260507
1865,1363.1330702330329
1866,304.23386968435307
1867,132.72833216797127
1868,-84.41179383343291
1869,249.8465259141055
1870,-354.93605032819863
1871,206.3895103431452
1872,-95.24460500369982
1873,443.7999916472698
1874,-301.9205554158319
1875,349.2912670414482
1876,327.71585739153807
1877,-26.80568320002457
1878,750.245985466886
1879,938.15030872323
1880,193.3299065166746
1881,851.6435773913654
1882,213.64986715857157
1883,-95.13871617787096
1884,346.76816786840305
1885,-2.197698441027245
1886,577.091980640287
1887,-131.7133569740586
1888,478.3313345472359
1889,272.8011769807083
1890,176.0375833431063
1891,405.1216346716027
1892,174.20000254049617
1893,88.41911667112437
1894,807.6854718137315
1895,512.0480962508161
1896,64.53940323271311
1897,143.43798301510833
1898,562.5042614272265
1899,51.97227345294604
1900,466.672037376461
1901,194.33593542478954
1902,851.7902043844327
1903,86.83933493588789
1904,161.86122740610605
1905,-46.789158650873496
1906,975.8121790676518
1907,575.6888203844511
1908,467.5891096392293
1909,306.9693494986447
1910,193.03838092993672
1911,486.8938002193105
1912,673.4480831519337
1913,648.5474650241686
1914,34.62752305681463
1915,260.0778626892724
1916,422.37717464426396
1917,-90.33530553109237
1918,770.3948912760525
1919,637.1837621748755
1920,579.4651661273224
1921,-246.74485254915004
1922,738.0405496186956
1923,109.3881820338895
1924,-25.171537601950273
1925,281.28205318338814
1926,455.7964882377251
1927,334.0439811197938
1928,248.13955898976434
1929,445.03069324982016
1930,869.8846213777389
1931,692.7115978591049
1932,660.0020387501044
1933,-475.6841758928072
1934,388.7164193401818
1935,285.1942860707626
1936,-84.56674668567287
1937,576.5281754035373
1938,352.2159556440422
1939,614.8861668395613
1940,671.9887607208402
1941,-292.06912969783343
1942,364.2545111125187
1943,20.934826376978194
1944,36.4074617912372
1945,748.2376537407271
1946,319.30465676992577
1947,326.2648487598104
1948,465.8170250146979
1949,-208.02609994054768
1950,805.3323075092401
1951,328.3810622474405
1952,385.7501682692727
1953,-249.1236590380769
1954,-36.89817663611906
1955,764.0598907265808
1956,602.16779453813
1957,654.5887493373796
1958,752.7679907670047
1959,396.4653984796766
1960,427.5305656704601
1961,-271.438668268427
1962,146.11743885900347
1963,160.456779365845
1964,721.8480945223363
1965,567.5932541516087
1966,509.4133741763062
1967,239.3333809557923
1968,131.64341833082818
1969,-223.13407448944136
1970,-334.11257562353063
1971,553.6488124165832
1972,467.6771040826112
1973,139.89951222535
1974,367.53296827613684
1975,658.2201156999726
1976,210.01086316267651
1977,361.7956660412792
1978,651.3729896746014
1979,653.9405169066372
1980,857.5204176261074
1981,263.3129391166809
1982,384.7640182343988
1983,141.93251860344395
1984,478.3374743977398
1985,801.2089096797138
1986,532.4707134685995
1987,-317.6009904409082
1988,549.0254022650788
1989,598.1223683183453
1990,454.63396133956877
1991,-79.32522058771487
1992,218.86554897245202
1993,636.8383967443133
1994,142.79934681026367
1995,340.29058186970315
1996,770.0238838891646
1997,-34.431845522968764
1998,409.05453164990905
1999,285.9346213205277
